Cikkszám;Oldal;Modell;Beültetett Mennyiség
CH_CPCAP03591A;BOT;CHSHWPCB00140I_A9_BOT;5
CH_CPCAP03774A;BOT;CHSHWPCB00140I_A9_BOT;2
CH_CPCAP04061A;BOT;CHSHWPCB00140I_A9_BOT;2
CH_CPCAP10009A;BOT;CHSHWPCB00140I_A9_BOT;2
CH_CPCAP10014A;BOT;CHSHWPCB00140I_A9_BOT;4
CH_CPCAP10023A;BOT;CHSHWPCB00140I_A9_BOT;11
CH_CPCAP10104A;BOT;CHSHWPCB00140I_A9_BOT;4
CH_CPCAP10445A;BOT;CHSHWPCB00140I_A9_BOT;22
CH_CPCAP10447A;BOT;CHSHWPCB00140I_A9_BOT;4
CH_CPCAP10455A;BOT;CHSHWPCB00140I_A9_BOT;26
CH_CPCAP10463A;BOT;CHSHWPCB00140I_A9_BOT;4
CH_CPCAP10472A;BOT;CHSHWPCB00140I_A9_BOT;8
CH_CPCAP10487A;BOT;CHSHWPCB00140I_A9_BOT;24
CH_CPCAP10555A;BOT;CHSHWPCB00140I_A9_BOT;4
CH_CPCAP10563A;BOT;CHSHWPCB00140I_A9_BOT;3
CH_CPCAP10633A;BOT;CHSHWPCB00140I_A9_BOT;4
CH_CPCAP10849A;BOT;CHSHWPCB00140I_A9_BOT;1
CH_CPCAP10850A;BOT;CHSHWPCB00140I_A9_BOT;2
CH_CPCAP10856A;BOT;CHSHWPCB00140I_A9_BOT;4
CH_CPCAP10866A;BOT;CHSHWPCB00140I_A9_BOT;2
CH_CPCAP10869A;BOT;CHSHWPCB00140I_A9_BOT;2
CH_CPCAP11028A;BOT;CHSHWPCB00140I_A9_BOT;5
CH_CPCAP12152A;BOT;CHSHWPCB00140I_A9_BOT;4
CH_CPCAP12156A;BOT;CHSHWPCB00140I_A9_BOT;5
CH_CPCAP12166A;BOT;CHSHWPCB00140I_A9_BOT;1
CH_CPCAP12214A;BOT;CHSHWPCB00140I_A9_BOT;2
CH_CPCAP12222A;BOT;CHSHWPCB00140I_A9_BOT;2
CH_CPCON02252A;BOT;CHSHWPCB00140I_A9_BOT;1
CH_CPCON02364A;BOT;CHSHWPCB00140I_A9_BOT;1
CH_CPDIO00098A;BOT;CHSHWPCB00140I_A9_BOT;2
CH_CPDIO00398A;BOT;CHSHWPCB00140I_A9_BOT;1
CH_CPDIO00414A;BOT;CHSHWPCB00140I_A9_BOT;6
CH_CPDIO00506A;BOT;CHSHWPCB00140I_A9_BOT;1
CH_CPDIO00638A;BOT;CHSHWPCB00140I_A9_BOT;2
CH_CPFER00017A;BOT;CHSHWPCB00140I_A9_BOT;2
CH_CPFER00046A;BOT;CHSHWPCB00140I_A9_BOT;7
CH_CPFER00073A;BOT;CHSHWPCB00140I_A9_BOT;2
CH_CPFER00579A;BOT;CHSHWPCB00140I_A9_BOT;1
CH_CPICS02792A;BOT;CHSHWPCB00140I_A9_BOT;1
CH_CPICS02990A;BOT;CHSHWPCB00140I_A9_BOT;1
CH_CPICS03037A;BOT;CHSHWPCB00140I_A9_BOT;1
CH_CPICS03038A;BOT;CHSHWPCB00140I_A9_BOT;1
CH_CPICS03143A;BOT;CHSHWPCB00140I_A9_BOT;1
CH_CPICS03153A;BOT;CHSHWPCB00140I_A9_BOT;1
CH_CPICS03260A;BOT;CHSHWPCB00140I_A9_BOT;1
CH_CPICS03278A;BOT;CHSHWPCB00140I_A9_BOT;1
CH_CPICS03280A;BOT;CHSHWPCB00140I_A9_BOT;1
CH_CPICS03299A;BOT;CHSHWPCB00140I_A9_BOT;1
CH_CPICS03301A;BOT;CHSHWPCB00140I_A9_BOT;1
CH_CPICS03416AX;BOT;CHSHWPCB00140I_A9_BOT;1
CH_CPICS03440A;BOT;CHSHWPCB00140I_A9_BOT;1
CH_CPIND00263A;BOT;CHSHWPCB00140I_A9_BOT;1
CH_CPIND01498A;BOT;CHSHWPCB00140I_A9_BOT;2
CH_CPIND01524A;BOT;CHSHWPCB00140I_A9_BOT;1
CH_CPIND01600A;BOT;CHSHWPCB00140I_A9_BOT;8
CH_CPIND01827A;BOT;CHSHWPCB00140I_A9_BOT;1
CH_CPPRO00110A;BOT;CHSHWPCB00140I_A9_BOT;1
CH_CPPRO00147A;BOT;CHSHWPCB00140I_A9_BOT;4
CH_CPRES05436A;BOT;CHSHWPCB00140I_A9_BOT;2
CH_CPRES05759A;BOT;CHSHWPCB00140I_A9_BOT;55
CH_CPRES05760A;BOT;CHSHWPCB00140I_A9_BOT;9
CH_CPRES05767A;BOT;CHSHWPCB00140I_A9_BOT;2
CH_CPRES05768A;BOT;CHSHWPCB00140I_A9_BOT;1
CH_CPRES05774A;BOT;CHSHWPCB00140I_A9_BOT;1
CH_CPRES05782A;BOT;CHSHWPCB00140I_A9_BOT;3
CH_CPRES15632A;BOT;CHSHWPCB00140I_A9_BOT;8
CH_CPRES15689A;BOT;CHSHWPCB00140I_A9_BOT;8
CH_CPRES15803A;BOT;CHSHWPCB00140I_A9_BOT;3
CH_CPRES15835A;BOT;CHSHWPCB00140I_A9_BOT;1
CH_CPRES15844A;BOT;CHSHWPCB00140I_A9_BOT;1
CH_CPRES15888A;BOT;CHSHWPCB00140I_A9_BOT;4
CH_CPRES15917A;BOT;CHSHWPCB00140I_A9_BOT;5
CH_CPRES15921A;BOT;CHSHWPCB00140I_A9_BOT;2
CH_CPRES15964A;BOT;CHSHWPCB00140I_A9_BOT;3
CH_CPRES15979A;BOT;CHSHWPCB00140I_A9_BOT;1
CH_CPRES15993A;BOT;CHSHWPCB00140I_A9_BOT;22
CH_CPRES16008A;BOT;CHSHWPCB00140I_A9_BOT;2
CH_CPRES16017A;BOT;CHSHWPCB00140I_A9_BOT;3
CH_CPRES16031A;BOT;CHSHWPCB00140I_A9_BOT;45
CH_CPRES16063A;BOT;CHSHWPCB00140I_A9_BOT;6
CH_CPRES16076A;BOT;CHSHWPCB00140I_A9_BOT;1
CH_CPRES16088A;BOT;CHSHWPCB00140I_A9_BOT;3
CH_CPRES16225A;BOT;CHSHWPCB00140I_A9_BOT;1
CH_CPRES16349A;BOT;CHSHWPCB00140I_A9_BOT;4
CH_CPRES16372A;BOT;CHSHWPCB00140I_A9_BOT;4
CH_CPRES16409A;BOT;CHSHWPCB00140I_A9_BOT;5
CH_CPRES16442A;BOT;CHSHWPCB00140I_A9_BOT;4
CH_CPRES16535A;BOT;CHSHWPCB00140I_A9_BOT;2
CH_CPTRT00271A;BOT;CHSHWPCB00140I_A9_BOT;1
CH_CPTRT00352A;BOT;CHSHWPCB00140I_A9_BOT;1
CH_CPTRT00654AX;BOT;CHSHWPCB00140I_A9_BOT;3
CH_CPXTA00125A;BOT;CHSHWPCB00140I_A9_BOT;1
CHS00140I_F2_AP;BOT;CHSHWPCB00140I_A9_BOT;1
CH_CPANT00142A;TOP;CHSHWPCB00140I_A9_TOP;1
CH_CPCAP02199A;TOP;CHSHWPCB00140I_A9_TOP;14
CH_CPCAP02204A;TOP;CHSHWPCB00140I_A9_TOP;4
CH_CPCAP02856A;TOP;CHSHWPCB00140I_A9_TOP;1
CH_CPCAP02862A;TOP;CHSHWPCB00140I_A9_TOP;1
CH_CPCAP03591A;TOP;CHSHWPCB00140I_A9_TOP;11
CH_CPCAP03774A;TOP;CHSHWPCB00140I_A9_TOP;5
CH_CPCAP04054A;TOP;CHSHWPCB00140I_A9_TOP;3
CH_CPCAP04057A;TOP;CHSHWPCB00140I_A9_TOP;1
CH_CPCAP04059A;TOP;CHSHWPCB00140I_A9_TOP;1
CH_CPCAP04061A;TOP;CHSHWPCB00140I_A9_TOP;1
CH_CPCAP04071A;TOP;CHSHWPCB00140I_A9_TOP;119
CH_CPCAP04075A;TOP;CHSHWPCB00140I_A9_TOP;1
CH_CPCAP04168A;TOP;CHSHWPCB00140I_A9_TOP;2
CH_CPCAP04192A;TOP;CHSHWPCB00140I_A9_TOP;15
CH_CPCAP04716A;TOP;CHSHWPCB00140I_A9_TOP;1
CH_CPCAP10009A;TOP;CHSHWPCB00140I_A9_TOP;1
CH_CPCAP10013A;TOP;CHSHWPCB00140I_A9_TOP;2
CH_CPCAP10023A;TOP;CHSHWPCB00140I_A9_TOP;9
CH_CPCAP10095A;TOP;CHSHWPCB00140I_A9_TOP;3
CH_CPCAP10445A;TOP;CHSHWPCB00140I_A9_TOP;92
CH_CPCAP10455A;TOP;CHSHWPCB00140I_A9_TOP;26
CH_CPCAP10463A;TOP;CHSHWPCB00140I_A9_TOP;11
CH_CPCAP10487A;TOP;CHSHWPCB00140I_A9_TOP;9
CH_CPCAP10537A;TOP;CHSHWPCB00140I_A9_TOP;2
CH_CPCAP10555A;TOP;CHSHWPCB00140I_A9_TOP;7
CH_CPCAP10563A;TOP;CHSHWPCB00140I_A9_TOP;6
CH_CPCAP10616A;TOP;CHSHWPCB00140I_A9_TOP;7
CH_CPCAP10633A;TOP;CHSHWPCB00140I_A9_TOP;2
CH_CPCAP10668A;TOP;CHSHWPCB00140I_A9_TOP;10
CH_CPCAP10674A;TOP;CHSHWPCB00140I_A9_TOP;17
CH_CPCAP10686A;TOP;CHSHWPCB00140I_A9_TOP;3
CH_CPCAP10843A;TOP;CHSHWPCB00140I_A9_TOP;1
CH_CPCAP10845A;TOP;CHSHWPCB00140I_A9_TOP;1
CH_CPCAP10849A;TOP;CHSHWPCB00140I_A9_TOP;2
CH_CPCAP10850A;TOP;CHSHWPCB00140I_A9_TOP;1
CH_CPCAP10854A;TOP;CHSHWPCB00140I_A9_TOP;1
CH_CPCAP10856A;TOP;CHSHWPCB00140I_A9_TOP;6
CH_CPCAP10858A;TOP;CHSHWPCB00140I_A9_TOP;1
CH_CPCAP10859A;TOP;CHSHWPCB00140I_A9_TOP;3
CH_CPCAP10860A;TOP;CHSHWPCB00140I_A9_TOP;1
CH_CPCAP10864A;TOP;CHSHWPCB00140I_A9_TOP;1
CH_CPCAP10866A;TOP;CHSHWPCB00140I_A9_TOP;3
CH_CPCAP11028A;TOP;CHSHWPCB00140I_A9_TOP;12
CH_CPCAP11252A;TOP;CHSHWPCB00140I_A9_TOP;6
CH_CPCAP12152A;TOP;CHSHWPCB00140I_A9_TOP;4
CH_CPCAP12166A;TOP;CHSHWPCB00140I_A9_TOP;2
CH_CPCAP12189A;TOP;CHSHWPCB00140I_A9_TOP;1
CH_CPCAP12443A;TOP;CHSHWPCB00140I_A9_TOP;1
CH_CPCON01591A;TOP;CHSHWPCB00140I_A9_TOP;1
CH_CPCON01881A;TOP;CHSHWPCB00140I_A9_TOP;1
CH_CPCON01888A;TOP;CHSHWPCB00140I_A9_TOP;1
CH_CPCON02233A;TOP;CHSHWPCB00140I_A9_TOP;1
CH_CPCON02277A;TOP;CHSHWPCB00140I_A9_TOP;1
CH_CPDIO00398A;TOP;CHSHWPCB00140I_A9_TOP;1
CH_CPDIO00414A;TOP;CHSHWPCB00140I_A9_TOP;8
CH_CPDIO00489A;TOP;CHSHWPCB00140I_A9_TOP;1
CH_CPDIO00572A;TOP;CHSHWPCB00140I_A9_TOP;3
CH_CPDIO00635A;TOP;CHSHWPCB00140I_A9_TOP;2
CH_CPFER00017A;TOP;CHSHWPCB00140I_A9_TOP;1
CH_CPFER00046A;TOP;CHSHWPCB00140I_A9_TOP;4
CH_CPFER00073A;TOP;CHSHWPCB00140I_A9_TOP;4
CH_CPFER00083A;TOP;CHSHWPCB00140I_A9_TOP;1
CH_CPFER00084A;TOP;CHSHWPCB00140I_A9_TOP;3
CH_CPFER00086A;TOP;CHSHWPCB00140I_A9_TOP;2
CH_CPFER00110A;TOP;CHSHWPCB00140I_A9_TOP;9
CH_CPFER00111A;TOP;CHSHWPCB00140I_A9_TOP;5
CH_CPICS00162A;TOP;CHSHWPCB00140I_A9_TOP;1
CH_CPICS02990A;TOP;CHSHWPCB00140I_A9_TOP;1
CH_CPICS03036A;TOP;CHSHWPCB00140I_A9_TOP;1
CH_CPICS03188A;TOP;CHSHWPCB00140I_A9_TOP;1
CH_CPICS03250A;TOP;CHSHWPCB00140I_A9_TOP;1
CH_CPICS03266A;TOP;CHSHWPCB00140I_A9_TOP;1
CH_CPICS03287A;TOP;CHSHWPCB00140I_A9_TOP;1
CH_CPICS03289A;TOP;CHSHWPCB00140I_A9_TOP;2
CH_CPICS03369A;TOP;CHSHWPCB00140I_A9_TOP;1
CH_CPICS03373A;TOP;CHSHWPCB00140I_A9_TOP;1
CH_CPICS03374A;TOP;CHSHWPCB00140I_A9_TOP;1
CH_CPIND00321A;TOP;CHSHWPCB00140I_A9_TOP;1
CH_CPIND00337A;TOP;CHSHWPCB00140I_A9_TOP;1
CH_CPIND00345A;TOP;CHSHWPCB00140I_A9_TOP;1
CH_CPIND00347A;TOP;CHSHWPCB00140I_A9_TOP;1
CH_CPIND01097A;TOP;CHSHWPCB00140I_A9_TOP;1
CH_CPIND01262A;TOP;CHSHWPCB00140I_A9_TOP;4
CH_CPIND01272A;TOP;CHSHWPCB00140I_A9_TOP;2
CH_CPIND01273A;TOP;CHSHWPCB00140I_A9_TOP;1
CH_CPIND01274A;TOP;CHSHWPCB00140I_A9_TOP;1
CH_CPIND01287A;TOP;CHSHWPCB00140I_A9_TOP;2
CH_CPIND01473A;TOP;CHSHWPCB00140I_A9_TOP;1
CH_CPIND01501A;TOP;CHSHWPCB00140I_A9_TOP;1
CH_CPIND01520A;TOP;CHSHWPCB00140I_A9_TOP;2
CH_CPIND01521A;TOP;CHSHWPCB00140I_A9_TOP;1
CH_CPIND01522A;TOP;CHSHWPCB00140I_A9_TOP;1
CH_CPIND01648A;TOP;CHSHWPCB00140I_A9_TOP;1
CH_CPIND01847A;TOP;CHSHWPCB00140I_A9_TOP;1
CH_CPIND01958A;TOP;CHSHWPCB00140I_A9_TOP;1
CH_CPPRO00147A;TOP;CHSHWPCB00140I_A9_TOP;3
CH_CPRES05750A;TOP;CHSHWPCB00140I_A9_TOP;2
CH_CPRES05752A;TOP;CHSHWPCB00140I_A9_TOP;1
CH_CPRES05759A;TOP;CHSHWPCB00140I_A9_TOP;35
CH_CPRES05760A;TOP;CHSHWPCB00140I_A9_TOP;7
CH_CPRES05779A;TOP;CHSHWPCB00140I_A9_TOP;1
CH_CPRES05782A;TOP;CHSHWPCB00140I_A9_TOP;1
CH_CPRES05825A;TOP;CHSHWPCB00140I_A9_TOP;1
CH_CPRES12952A;TOP;CHSHWPCB00140I_A9_TOP;1
CH_CPRES13011A;TOP;CHSHWPCB00140I_A9_TOP;2
CH_CPRES14559A;TOP;CHSHWPCB00140I_A9_TOP;1
CH_CPRES14829A;TOP;CHSHWPCB00140I_A9_TOP;2
CH_CPRES15551A;TOP;CHSHWPCB00140I_A9_TOP;1
CH_CPRES15651A;TOP;CHSHWPCB00140I_A9_TOP;1
CH_CPRES15689A;TOP;CHSHWPCB00140I_A9_TOP;1
CH_CPRES15725A;TOP;CHSHWPCB00140I_A9_TOP;20
CH_CPRES15803A;TOP;CHSHWPCB00140I_A9_TOP;22
CH_CPRES15811A;TOP;CHSHWPCB00140I_A9_TOP;1
CH_CPRES15835A;TOP;CHSHWPCB00140I_A9_TOP;3
CH_CPRES15844A;TOP;CHSHWPCB00140I_A9_TOP;3
CH_CPRES15917A;TOP;CHSHWPCB00140I_A9_TOP;11
CH_CPRES15946A;TOP;CHSHWPCB00140I_A9_TOP;1
CH_CPRES15993A;TOP;CHSHWPCB00140I_A9_TOP;19
CH_CPRES16002A;TOP;CHSHWPCB00140I_A9_TOP;2
CH_CPRES16017A;TOP;CHSHWPCB00140I_A9_TOP;1
CH_CPRES16021A;TOP;CHSHWPCB00140I_A9_TOP;1
CH_CPRES16031A;TOP;CHSHWPCB00140I_A9_TOP;63
CH_CPRES16049A;TOP;CHSHWPCB00140I_A9_TOP;1
CH_CPRES16063A;TOP;CHSHWPCB00140I_A9_TOP;2
CH_CPRES16070A;TOP;CHSHWPCB00140I_A9_TOP;1
CH_CPRES16074A;TOP;CHSHWPCB00140I_A9_TOP;1
CH_CPRES16078A;TOP;CHSHWPCB00140I_A9_TOP;4
CH_CPRES16088A;TOP;CHSHWPCB00140I_A9_TOP;4
CH_CPRES16157A;TOP;CHSHWPCB00140I_A9_TOP;1
CH_CPRES16163A;TOP;CHSHWPCB00140I_A9_TOP;1
CH_CPRES16211A;TOP;CHSHWPCB00140I_A9_TOP;1
CH_CPRES16245A;TOP;CHSHWPCB00140I_A9_TOP;1
CH_CPRES16259A;TOP;CHSHWPCB00140I_A9_TOP;1
CH_CPRES16367A;TOP;CHSHWPCB00140I_A9_TOP;2
CH_CPRES16372A;TOP;CHSHWPCB00140I_A9_TOP;5
CH_CPRES16409A;TOP;CHSHWPCB00140I_A9_TOP;11
CH_CPRES16535A;TOP;CHSHWPCB00140I_A9_TOP;1
CH_CPTRT00133A;TOP;CHSHWPCB00140I_A9_TOP;1
CH_CPTRT00338A;TOP;CHSHWPCB00140I_A9_TOP;2
CH_CPTRT00352A;TOP;CHSHWPCB00140I_A9_TOP;2
CH_CPTRT00654A;TOP;CHSHWPCB00140I_A9_TOP;5
CH_CPXOS00125A;TOP;CHSHWPCB00140I_A9_TOP;1
CH_CPXTA00122A;TOP;CHSHWPCB00140I_A9_TOP;1
CH_CPXTA00125A;TOP;CHSHWPCB00140I_A9_TOP;1
CH_CPXTA00131A;TOP;CHSHWPCB00140I_A9_TOP;1
CHS00140I_F1_AP;TOP;CHSHWPCB00140I_A9_TOP;1
EDE000N00;TOP;CHSHWPCB00140I_A9_TOP;1
CH_CPCAP03591A;BOT;CHSHWPCB00145I_A9_BOT;5
CH_CPCAP03774A;BOT;CHSHWPCB00145I_A9_BOT;3
CH_CPCAP04061A;BOT;CHSHWPCB00145I_A9_BOT;2
CH_CPCAP10009A;BOT;CHSHWPCB00145I_A9_BOT;2
CH_CPCAP10014A;BOT;CHSHWPCB00145I_A9_BOT;4
CH_CPCAP10023A;BOT;CHSHWPCB00145I_A9_BOT;11
CH_CPCAP10104A;BOT;CHSHWPCB00145I_A9_BOT;4
CH_CPCAP10445A;BOT;CHSHWPCB00145I_A9_BOT;23
CH_CPCAP10447A;BOT;CHSHWPCB00145I_A9_BOT;4
CH_CPCAP10455A;BOT;CHSHWPCB00145I_A9_BOT;26
CH_CPCAP10463A;BOT;CHSHWPCB00145I_A9_BOT;4
CH_CPCAP10472A;BOT;CHSHWPCB00145I_A9_BOT;8
CH_CPCAP10487A;BOT;CHSHWPCB00145I_A9_BOT;24
CH_CPCAP10555A;BOT;CHSHWPCB00145I_A9_BOT;4
CH_CPCAP10563A;BOT;CHSHWPCB00145I_A9_BOT;3
CH_CPCAP10633A;BOT;CHSHWPCB00145I_A9_BOT;4
CH_CPCAP10849A;BOT;CHSHWPCB00145I_A9_BOT;1
CH_CPCAP10850A;BOT;CHSHWPCB00145I_A9_BOT;2
CH_CPCAP10856A;BOT;CHSHWPCB00145I_A9_BOT;4
CH_CPCAP10866A;BOT;CHSHWPCB00145I_A9_BOT;2
CH_CPCAP10869A;BOT;CHSHWPCB00145I_A9_BOT;2
CH_CPCAP11028A;BOT;CHSHWPCB00145I_A9_BOT;5
CH_CPCAP12152A;BOT;CHSHWPCB00145I_A9_BOT;4
CH_CPCAP12156A;BOT;CHSHWPCB00145I_A9_BOT;5
CH_CPCAP12166A;BOT;CHSHWPCB00145I_A9_BOT;1
CH_CPCAP12214A;BOT;CHSHWPCB00145I_A9_BOT;2
CH_CPCAP12222A;BOT;CHSHWPCB00145I_A9_BOT;2
CH_CPCON02252A;BOT;CHSHWPCB00145I_A9_BOT;1
CH_CPCON02364A;BOT;CHSHWPCB00145I_A9_BOT;1
CH_CPDIO00098A;BOT;CHSHWPCB00145I_A9_BOT;2
CH_CPDIO00398A;BOT;CHSHWPCB00145I_A9_BOT;1
CH_CPDIO00414A;BOT;CHSHWPCB00145I_A9_BOT;6
CH_CPDIO00506A;BOT;CHSHWPCB00145I_A9_BOT;1
CH_CPDIO00638A;BOT;CHSHWPCB00145I_A9_BOT;2
CH_CPFER00017A;BOT;CHSHWPCB00145I_A9_BOT;2
CH_CPFER00046A;BOT;CHSHWPCB00145I_A9_BOT;7
CH_CPFER00073A;BOT;CHSHWPCB00145I_A9_BOT;2
CH_CPFER00579A;BOT;CHSHWPCB00145I_A9_BOT;1
CH_CPICS01060A;BOT;CHSHWPCB00145I_A9_BOT;1
CH_CPICS02792A;BOT;CHSHWPCB00145I_A9_BOT;1
CH_CPICS02990A;BOT;CHSHWPCB00145I_A9_BOT;1
CH_CPICS03037A;BOT;CHSHWPCB00145I_A9_BOT;1
CH_CPICS03038A;BOT;CHSHWPCB00145I_A9_BOT;1
CH_CPICS03143A;BOT;CHSHWPCB00145I_A9_BOT;1
CH_CPICS03153A;BOT;CHSHWPCB00145I_A9_BOT;1
CH_CPICS03260A;BOT;CHSHWPCB00145I_A9_BOT;1
CH_CPICS03278A;BOT;CHSHWPCB00145I_A9_BOT;1
CH_CPICS03280A;BOT;CHSHWPCB00145I_A9_BOT;1
CH_CPICS03299A;BOT;CHSHWPCB00145I_A9_BOT;1
CH_CPICS03301A;BOT;CHSHWPCB00145I_A9_BOT;1
CH_CPICS03440A;BOT;CHSHWPCB00145I_A9_BOT;1
CH_CPIND00263A;BOT;CHSHWPCB00145I_A9_BOT;1
CH_CPIND01498A;BOT;CHSHWPCB00145I_A9_BOT;3
CH_CPIND01524A;BOT;CHSHWPCB00145I_A9_BOT;1
CH_CPIND01600A;BOT;CHSHWPCB00145I_A9_BOT;8
CH_CPIND01827A;BOT;CHSHWPCB00145I_A9_BOT;1
CH_CPPRO00110A;BOT;CHSHWPCB00145I_A9_BOT;2
CH_CPPRO00147A;BOT;CHSHWPCB00145I_A9_BOT;4
CH_CPRES05436A;BOT;CHSHWPCB00145I_A9_BOT;2
CH_CPRES05759A;BOT;CHSHWPCB00145I_A9_BOT;55
CH_CPRES05760A;BOT;CHSHWPCB00145I_A9_BOT;9
CH_CPRES05767A;BOT;CHSHWPCB00145I_A9_BOT;2
CH_CPRES05768A;BOT;CHSHWPCB00145I_A9_BOT;1
CH_CPRES05774A;BOT;CHSHWPCB00145I_A9_BOT;1
CH_CPRES05782A;BOT;CHSHWPCB00145I_A9_BOT;3
CH_CPRES15632A;BOT;CHSHWPCB00145I_A9_BOT;8
CH_CPRES15689A;BOT;CHSHWPCB00145I_A9_BOT;8
CH_CPRES15803A;BOT;CHSHWPCB00145I_A9_BOT;3
CH_CPRES15835A;BOT;CHSHWPCB00145I_A9_BOT;1
CH_CPRES15844A;BOT;CHSHWPCB00145I_A9_BOT;1
CH_CPRES15888A;BOT;CHSHWPCB00145I_A9_BOT;4
CH_CPRES15917A;BOT;CHSHWPCB00145I_A9_BOT;5
CH_CPRES15921A;BOT;CHSHWPCB00145I_A9_BOT;2
CH_CPRES15964A;BOT;CHSHWPCB00145I_A9_BOT;3
CH_CPRES15979A;BOT;CHSHWPCB00145I_A9_BOT;1
CH_CPRES15993A;BOT;CHSHWPCB00145I_A9_BOT;22
CH_CPRES16008A;BOT;CHSHWPCB00145I_A9_BOT;2
CH_CPRES16017A;BOT;CHSHWPCB00145I_A9_BOT;3
CH_CPRES16031A;BOT;CHSHWPCB00145I_A9_BOT;47
CH_CPRES16063A;BOT;CHSHWPCB00145I_A9_BOT;6
CH_CPRES16076A;BOT;CHSHWPCB00145I_A9_BOT;1
CH_CPRES16088A;BOT;CHSHWPCB00145I_A9_BOT;3
CH_CPRES16225A;BOT;CHSHWPCB00145I_A9_BOT;1
CH_CPRES16349A;BOT;CHSHWPCB00145I_A9_BOT;4
CH_CPRES16372A;BOT;CHSHWPCB00145I_A9_BOT;4
CH_CPRES16409A;BOT;CHSHWPCB00145I_A9_BOT;5
CH_CPRES16442A;BOT;CHSHWPCB00145I_A9_BOT;4
CH_CPRES16535A;BOT;CHSHWPCB00145I_A9_BOT;2
CH_CPTRT00271A;BOT;CHSHWPCB00145I_A9_BOT;1
CH_CPTRT00352A;BOT;CHSHWPCB00145I_A9_BOT;1
CH_CPTRT00654AX;BOT;CHSHWPCB00145I_A9_BOT;3
CH_CPXTA00125A;BOT;CHSHWPCB00145I_A9_BOT;1
CHS00145I_F2_AP;BOT;CHSHWPCB00145I_A9_BOT;1
ICS5NDQVU-AA;BOT;CHSHWPCB00145I_A9_BOT;1
CH_CPANT00142A;TOP;CHSHWPCB00145I_A9_TOP;1
CH_CPCAP02199A;TOP;CHSHWPCB00145I_A9_TOP;14
CH_CPCAP02204A;TOP;CHSHWPCB00145I_A9_TOP;4
CH_CPCAP02856A;TOP;CHSHWPCB00145I_A9_TOP;1
CH_CPCAP02862A;TOP;CHSHWPCB00145I_A9_TOP;1
CH_CPCAP03591A;TOP;CHSHWPCB00145I_A9_TOP;11
CH_CPCAP03774A;TOP;CHSHWPCB00145I_A9_TOP;5
CH_CPCAP04054A;TOP;CHSHWPCB00145I_A9_TOP;3
CH_CPCAP04057A;TOP;CHSHWPCB00145I_A9_TOP;1
CH_CPCAP04059A;TOP;CHSHWPCB00145I_A9_TOP;1
CH_CPCAP04061A;TOP;CHSHWPCB00145I_A9_TOP;1
CH_CPCAP04071A;TOP;CHSHWPCB00145I_A9_TOP;119
CH_CPCAP04075A;TOP;CHSHWPCB00145I_A9_TOP;1
CH_CPCAP04168A;TOP;CHSHWPCB00145I_A9_TOP;2
CH_CPCAP04192A;TOP;CHSHWPCB00145I_A9_TOP;15
CH_CPCAP04586A;TOP;CHSHWPCB00145I_A9_TOP;1
CH_CPCAP04650A;TOP;CHSHWPCB00145I_A9_TOP;1
CH_CPCAP04673A;TOP;CHSHWPCB00145I_A9_TOP;1
CH_CPCAP04716A;TOP;CHSHWPCB00145I_A9_TOP;2
CH_CPCAP04728A;TOP;CHSHWPCB00145I_A9_TOP;1
CH_CPCAP04737A;TOP;CHSHWPCB00145I_A9_TOP;1
CH_CPCAP10009A;TOP;CHSHWPCB00145I_A9_TOP;1
CH_CPCAP10013A;TOP;CHSHWPCB00145I_A9_TOP;2
CH_CPCAP10023A;TOP;CHSHWPCB00145I_A9_TOP;9
CH_CPCAP10095A;TOP;CHSHWPCB00145I_A9_TOP;3
CH_CPCAP10445A;TOP;CHSHWPCB00145I_A9_TOP;92
CH_CPCAP10455A;TOP;CHSHWPCB00145I_A9_TOP;26
CH_CPCAP10463A;TOP;CHSHWPCB00145I_A9_TOP;11
CH_CPCAP10487A;TOP;CHSHWPCB00145I_A9_TOP;9
CH_CPCAP10537A;TOP;CHSHWPCB00145I_A9_TOP;2
CH_CPCAP10555A;TOP;CHSHWPCB00145I_A9_TOP;7
CH_CPCAP10563A;TOP;CHSHWPCB00145I_A9_TOP;6
CH_CPCAP10616A;TOP;CHSHWPCB00145I_A9_TOP;7
CH_CPCAP10633A;TOP;CHSHWPCB00145I_A9_TOP;2
CH_CPCAP10668A;TOP;CHSHWPCB00145I_A9_TOP;10
CH_CPCAP10674A;TOP;CHSHWPCB00145I_A9_TOP;17
CH_CPCAP10686A;TOP;CHSHWPCB00145I_A9_TOP;3
CH_CPCAP10843A;TOP;CHSHWPCB00145I_A9_TOP;1
CH_CPCAP10845A;TOP;CHSHWPCB00145I_A9_TOP;1
CH_CPCAP10849A;TOP;CHSHWPCB00145I_A9_TOP;2
CH_CPCAP10850A;TOP;CHSHWPCB00145I_A9_TOP;1
CH_CPCAP10854A;TOP;CHSHWPCB00145I_A9_TOP;1
CH_CPCAP10856A;TOP;CHSHWPCB00145I_A9_TOP;6
CH_CPCAP10858A;TOP;CHSHWPCB00145I_A9_TOP;1
CH_CPCAP10859A;TOP;CHSHWPCB00145I_A9_TOP;3
CH_CPCAP10860A;TOP;CHSHWPCB00145I_A9_TOP;1
CH_CPCAP10864A;TOP;CHSHWPCB00145I_A9_TOP;1
CH_CPCAP10866A;TOP;CHSHWPCB00145I_A9_TOP;3
CH_CPCAP11028A;TOP;CHSHWPCB00145I_A9_TOP;12
CH_CPCAP11252A;TOP;CHSHWPCB00145I_A9_TOP;6
CH_CPCAP12152A;TOP;CHSHWPCB00145I_A9_TOP;4
CH_CPCAP12166A;TOP;CHSHWPCB00145I_A9_TOP;2
CH_CPCAP12189A;TOP;CHSHWPCB00145I_A9_TOP;1
CH_CPCAP12443A;TOP;CHSHWPCB00145I_A9_TOP;1
CH_CPCON01591A;TOP;CHSHWPCB00145I_A9_TOP;1
CH_CPCON01881A;TOP;CHSHWPCB00145I_A9_TOP;1
CH_CPCON01888A;TOP;CHSHWPCB00145I_A9_TOP;1
CH_CPCON02233A;TOP;CHSHWPCB00145I_A9_TOP;1
CH_CPCON02265A;TOP;CHSHWPCB00145I_A9_TOP;1
CH_CPCON02277A;TOP;CHSHWPCB00145I_A9_TOP;1
CH_CPDIO00398A;TOP;CHSHWPCB00145I_A9_TOP;1
CH_CPDIO00414A;TOP;CHSHWPCB00145I_A9_TOP;8
CH_CPDIO00489A;TOP;CHSHWPCB00145I_A9_TOP;1
CH_CPDIO00572A;TOP;CHSHWPCB00145I_A9_TOP;3
CH_CPDIO00635A;TOP;CHSHWPCB00145I_A9_TOP;2
CH_CPFER00017A;TOP;CHSHWPCB00145I_A9_TOP;1
CH_CPFER00046A;TOP;CHSHWPCB00145I_A9_TOP;4
CH_CPFER00073A;TOP;CHSHWPCB00145I_A9_TOP;4
CH_CPFER00083A;TOP;CHSHWPCB00145I_A9_TOP;1
CH_CPFER00084A;TOP;CHSHWPCB00145I_A9_TOP;3
CH_CPFER00086A;TOP;CHSHWPCB00145I_A9_TOP;2
CH_CPFER00110A;TOP;CHSHWPCB00145I_A9_TOP;9
CH_CPFER00111A;TOP;CHSHWPCB00145I_A9_TOP;5
CH_CPICS00162A;TOP;CHSHWPCB00145I_A9_TOP;1
CH_CPICS02990A;TOP;CHSHWPCB00145I_A9_TOP;1
CH_CPICS03036A;TOP;CHSHWPCB00145I_A9_TOP;1
CH_CPICS03188A;TOP;CHSHWPCB00145I_A9_TOP;1
CH_CPICS03250A;TOP;CHSHWPCB00145I_A9_TOP;1
CH_CPICS03266A;TOP;CHSHWPCB00145I_A9_TOP;1
CH_CPICS03287A;TOP;CHSHWPCB00145I_A9_TOP;1
CH_CPICS03289A;TOP;CHSHWPCB00145I_A9_TOP;2
CH_CPICS03369A;TOP;CHSHWPCB00145I_A9_TOP;1
CH_CPICS03373A;TOP;CHSHWPCB00145I_A9_TOP;1
CH_CPICS03374A;TOP;CHSHWPCB00145I_A9_TOP;1
CH_CPIND00321A;TOP;CHSHWPCB00145I_A9_TOP;1
CH_CPIND00337A;TOP;CHSHWPCB00145I_A9_TOP;1
CH_CPIND00345A;TOP;CHSHWPCB00145I_A9_TOP;1
CH_CPIND00347A;TOP;CHSHWPCB00145I_A9_TOP;1
CH_CPIND01097A;TOP;CHSHWPCB00145I_A9_TOP;1
CH_CPIND01262A;TOP;CHSHWPCB00145I_A9_TOP;4
CH_CPIND01272A;TOP;CHSHWPCB00145I_A9_TOP;2
CH_CPIND01273A;TOP;CHSHWPCB00145I_A9_TOP;1
CH_CPIND01274A;TOP;CHSHWPCB00145I_A9_TOP;1
CH_CPIND01287A;TOP;CHSHWPCB00145I_A9_TOP;2
CH_CPIND01473A;TOP;CHSHWPCB00145I_A9_TOP;1
CH_CPIND01501A;TOP;CHSHWPCB00145I_A9_TOP;1
CH_CPIND01520A;TOP;CHSHWPCB00145I_A9_TOP;2
CH_CPIND01521A;TOP;CHSHWPCB00145I_A9_TOP;1
CH_CPIND01522A;TOP;CHSHWPCB00145I_A9_TOP;1
CH_CPIND01648A;TOP;CHSHWPCB00145I_A9_TOP;1
CH_CPIND01847A;TOP;CHSHWPCB00145I_A9_TOP;1
CH_CPIND01958A;TOP;CHSHWPCB00145I_A9_TOP;1
CH_CPPRO00147A;TOP;CHSHWPCB00145I_A9_TOP;3
CH_CPRES05750A;TOP;CHSHWPCB00145I_A9_TOP;2
CH_CPRES05752A;TOP;CHSHWPCB00145I_A9_TOP;1
CH_CPRES05759A;TOP;CHSHWPCB00145I_A9_TOP;35
CH_CPRES05760A;TOP;CHSHWPCB00145I_A9_TOP;7
CH_CPRES05779A;TOP;CHSHWPCB00145I_A9_TOP;1
CH_CPRES05782A;TOP;CHSHWPCB00145I_A9_TOP;1
CH_CPRES05825A;TOP;CHSHWPCB00145I_A9_TOP;1
CH_CPRES12952A;TOP;CHSHWPCB00145I_A9_TOP;1
CH_CPRES13011A;TOP;CHSHWPCB00145I_A9_TOP;2
CH_CPRES14559A;TOP;CHSHWPCB00145I_A9_TOP;1
CH_CPRES14829A;TOP;CHSHWPCB00145I_A9_TOP;2
CH_CPRES15551A;TOP;CHSHWPCB00145I_A9_TOP;1
CH_CPRES15651A;TOP;CHSHWPCB00145I_A9_TOP;1
CH_CPRES15689A;TOP;CHSHWPCB00145I_A9_TOP;1
CH_CPRES15725A;TOP;CHSHWPCB00145I_A9_TOP;20
CH_CPRES15803A;TOP;CHSHWPCB00145I_A9_TOP;22
CH_CPRES15811A;TOP;CHSHWPCB00145I_A9_TOP;1
CH_CPRES15835A;TOP;CHSHWPCB00145I_A9_TOP;3
CH_CPRES15844A;TOP;CHSHWPCB00145I_A9_TOP;3
CH_CPRES15917A;TOP;CHSHWPCB00145I_A9_TOP;10
CH_CPRES15935A;TOP;CHSHWPCB00145I_A9_TOP;1
CH_CPRES15946A;TOP;CHSHWPCB00145I_A9_TOP;1
CH_CPRES15993A;TOP;CHSHWPCB00145I_A9_TOP;19
CH_CPRES16002A;TOP;CHSHWPCB00145I_A9_TOP;2
CH_CPRES16017A;TOP;CHSHWPCB00145I_A9_TOP;1
CH_CPRES16021A;TOP;CHSHWPCB00145I_A9_TOP;1
CH_CPRES16031A;TOP;CHSHWPCB00145I_A9_TOP;63
CH_CPRES16049A;TOP;CHSHWPCB00145I_A9_TOP;1
CH_CPRES16063A;TOP;CHSHWPCB00145I_A9_TOP;2
CH_CPRES16070A;TOP;CHSHWPCB00145I_A9_TOP;1
CH_CPRES16074A;TOP;CHSHWPCB00145I_A9_TOP;1
CH_CPRES16078A;TOP;CHSHWPCB00145I_A9_TOP;5
CH_CPRES16088A;TOP;CHSHWPCB00145I_A9_TOP;4
CH_CPRES16157A;TOP;CHSHWPCB00145I_A9_TOP;1
CH_CPRES16163A;TOP;CHSHWPCB00145I_A9_TOP;1
CH_CPRES16211A;TOP;CHSHWPCB00145I_A9_TOP;1
CH_CPRES16245A;TOP;CHSHWPCB00145I_A9_TOP;1
CH_CPRES16259A;TOP;CHSHWPCB00145I_A9_TOP;1
CH_CPRES16367A;TOP;CHSHWPCB00145I_A9_TOP;2
CH_CPRES16372A;TOP;CHSHWPCB00145I_A9_TOP;5
CH_CPRES16409A;TOP;CHSHWPCB00145I_A9_TOP;11
CH_CPRES16535A;TOP;CHSHWPCB00145I_A9_TOP;1
CH_CPTRT00133A;TOP;CHSHWPCB00145I_A9_TOP;1
CH_CPTRT00338A;TOP;CHSHWPCB00145I_A9_TOP;2
CH_CPTRT00352A;TOP;CHSHWPCB00145I_A9_TOP;2
CH_CPTRT00654A;TOP;CHSHWPCB00145I_A9_TOP;5
CH_CPXOS00125A;TOP;CHSHWPCB00145I_A9_TOP;1
CH_CPXTA00122A;TOP;CHSHWPCB00145I_A9_TOP;1
CH_CPXTA00125A;TOP;CHSHWPCB00145I_A9_TOP;1
CH_CPXTA00131A;TOP;CHSHWPCB00145I_A9_TOP;1
CHS00145I_F1_AP;TOP;CHSHWPCB00145I_A9_TOP;1
EDE000N00;TOP;CHSHWPCB00145I_A9_TOP;1
CH_CPCAP03591A;BOT;CHSHWPCB00146I_A9_BOT;5
CH_CPCAP03774A;BOT;CHSHWPCB00146I_A9_BOT;2
CH_CPCAP04061A;BOT;CHSHWPCB00146I_A9_BOT;2
CH_CPCAP10009A;BOT;CHSHWPCB00146I_A9_BOT;2
CH_CPCAP10014A;BOT;CHSHWPCB00146I_A9_BOT;4
CH_CPCAP10023A;BOT;CHSHWPCB00146I_A9_BOT;11
CH_CPCAP10104A;BOT;CHSHWPCB00146I_A9_BOT;4
CH_CPCAP10445A;BOT;CHSHWPCB00146I_A9_BOT;21
CH_CPCAP10447A;BOT;CHSHWPCB00146I_A9_BOT;4
CH_CPCAP10455A;BOT;CHSHWPCB00146I_A9_BOT;25
CH_CPCAP10472A;BOT;CHSHWPCB00146I_A9_BOT;8
CH_CPCAP10487A;BOT;CHSHWPCB00146I_A9_BOT;19
CH_CPCAP10555A;BOT;CHSHWPCB00146I_A9_BOT;4
CH_CPCAP10563A;BOT;CHSHWPCB00146I_A9_BOT;3
CH_CPCAP10633A;BOT;CHSHWPCB00146I_A9_BOT;3
CH_CPCAP10850A;BOT;CHSHWPCB00146I_A9_BOT;2
CH_CPCAP10866A;BOT;CHSHWPCB00146I_A9_BOT;2
CH_CPCAP10869A;BOT;CHSHWPCB00146I_A9_BOT;1
CH_CPCAP11028A;BOT;CHSHWPCB00146I_A9_BOT;5
CH_CPCAP12152A;BOT;CHSHWPCB00146I_A9_BOT;4
CH_CPCAP12156A;BOT;CHSHWPCB00146I_A9_BOT;5
CH_CPCAP12166A;BOT;CHSHWPCB00146I_A9_BOT;1
CH_CPCAP12214A;BOT;CHSHWPCB00146I_A9_BOT;2
CH_CPCAP12222A;BOT;CHSHWPCB00146I_A9_BOT;2
CH_CPCON02252A;BOT;CHSHWPCB00146I_A9_BOT;1
CH_CPCON02364A;BOT;CHSHWPCB00146I_A9_BOT;1
CH_CPDIO00098A;BOT;CHSHWPCB00146I_A9_BOT;2
CH_CPDIO00398A;BOT;CHSHWPCB00146I_A9_BOT;1
CH_CPDIO00414A;BOT;CHSHWPCB00146I_A9_BOT;6
CH_CPDIO00506A;BOT;CHSHWPCB00146I_A9_BOT;1
CH_CPDIO00638A;BOT;CHSHWPCB00146I_A9_BOT;2
CH_CPFER00017A;BOT;CHSHWPCB00146I_A9_BOT;1
CH_CPFER00046A;BOT;CHSHWPCB00146I_A9_BOT;3
CH_CPFER00073A;BOT;CHSHWPCB00146I_A9_BOT;2
CH_CPFER00579A;BOT;CHSHWPCB00146I_A9_BOT;1
CH_CPICS02792A;BOT;CHSHWPCB00146I_A9_BOT;1
CH_CPICS02990A;BOT;CHSHWPCB00146I_A9_BOT;2
CH_CPICS03143A;BOT;CHSHWPCB00146I_A9_BOT;1
CH_CPICS03153A;BOT;CHSHWPCB00146I_A9_BOT;1
CH_CPICS03260A;BOT;CHSHWPCB00146I_A9_BOT;1
CH_CPICS03278A;BOT;CHSHWPCB00146I_A9_BOT;1
CH_CPICS03280A;BOT;CHSHWPCB00146I_A9_BOT;1
CH_CPICS03299A;BOT;CHSHWPCB00146I_A9_BOT;1
CH_CPICS03301A;BOT;CHSHWPCB00146I_A9_BOT;1
CH_CPICS03416AX;BOT;CHSHWPCB00146I_A9_BOT;1
CH_CPICS03440A;BOT;CHSHWPCB00146I_A9_BOT;1
CH_CPIND00263A;BOT;CHSHWPCB00146I_A9_BOT;1
CH_CPIND01498A;BOT;CHSHWPCB00146I_A9_BOT;2
CH_CPIND01524A;BOT;CHSHWPCB00146I_A9_BOT;1
CH_CPIND01600A;BOT;CHSHWPCB00146I_A9_BOT;8
CH_CPIND01827A;BOT;CHSHWPCB00146I_A9_BOT;1
CH_CPPRO00110A;BOT;CHSHWPCB00146I_A9_BOT;1
CH_CPPRO00147A;BOT;CHSHWPCB00146I_A9_BOT;4
CH_CPRES05436A;BOT;CHSHWPCB00146I_A9_BOT;2
CH_CPRES05759A;BOT;CHSHWPCB00146I_A9_BOT;37
CH_CPRES05760A;BOT;CHSHWPCB00146I_A9_BOT;10
CH_CPRES05767A;BOT;CHSHWPCB00146I_A9_BOT;2
CH_CPRES05768A;BOT;CHSHWPCB00146I_A9_BOT;1
CH_CPRES05774A;BOT;CHSHWPCB00146I_A9_BOT;1
CH_CPRES05782A;BOT;CHSHWPCB00146I_A9_BOT;2
CH_CPRES15632A;BOT;CHSHWPCB00146I_A9_BOT;8
CH_CPRES15689A;BOT;CHSHWPCB00146I_A9_BOT;8
CH_CPRES15803A;BOT;CHSHWPCB00146I_A9_BOT;2
CH_CPRES15844A;BOT;CHSHWPCB00146I_A9_BOT;1
CH_CPRES15888A;BOT;CHSHWPCB00146I_A9_BOT;4
CH_CPRES15917A;BOT;CHSHWPCB00146I_A9_BOT;5
CH_CPRES15921A;BOT;CHSHWPCB00146I_A9_BOT;2
CH_CPRES15964A;BOT;CHSHWPCB00146I_A9_BOT;3
CH_CPRES15993A;BOT;CHSHWPCB00146I_A9_BOT;21
CH_CPRES16008A;BOT;CHSHWPCB00146I_A9_BOT;1
CH_CPRES16017A;BOT;CHSHWPCB00146I_A9_BOT;3
CH_CPRES16031A;BOT;CHSHWPCB00146I_A9_BOT;39
CH_CPRES16063A;BOT;CHSHWPCB00146I_A9_BOT;5
CH_CPRES16076A;BOT;CHSHWPCB00146I_A9_BOT;1
CH_CPRES16088A;BOT;CHSHWPCB00146I_A9_BOT;3
CH_CPRES16225A;BOT;CHSHWPCB00146I_A9_BOT;1
CH_CPRES16349A;BOT;CHSHWPCB00146I_A9_BOT;4
CH_CPRES16372A;BOT;CHSHWPCB00146I_A9_BOT;4
CH_CPRES16409A;BOT;CHSHWPCB00146I_A9_BOT;5
CH_CPRES16442A;BOT;CHSHWPCB00146I_A9_BOT;3
CH_CPRES16535A;BOT;CHSHWPCB00146I_A9_BOT;2
CH_CPTRT00271A;BOT;CHSHWPCB00146I_A9_BOT;1
CH_CPTRT00352A;BOT;CHSHWPCB00146I_A9_BOT;1
CH_CPTRT00654AX;BOT;CHSHWPCB00146I_A9_BOT;3
CH_CPXTA00125A;BOT;CHSHWPCB00146I_A9_BOT;1
CHS00146I_F2_AP;BOT;CHSHWPCB00146I_A9_BOT;1
CH_CPANT00142A;TOP;CHSHWPCB00146I_A9_TOP;1
CH_CPCAP02199A;TOP;CHSHWPCB00146I_A9_TOP;14
CH_CPCAP02204A;TOP;CHSHWPCB00146I_A9_TOP;4
CH_CPCAP02856A;TOP;CHSHWPCB00146I_A9_TOP;1
CH_CPCAP02862A;TOP;CHSHWPCB00146I_A9_TOP;1
CH_CPCAP03591A;TOP;CHSHWPCB00146I_A9_TOP;11
CH_CPCAP03774A;TOP;CHSHWPCB00146I_A9_TOP;5
CH_CPCAP04054A;TOP;CHSHWPCB00146I_A9_TOP;3
CH_CPCAP04057A;TOP;CHSHWPCB00146I_A9_TOP;1
CH_CPCAP04071A;TOP;CHSHWPCB00146I_A9_TOP;119
CH_CPCAP04075A;TOP;CHSHWPCB00146I_A9_TOP;1
CH_CPCAP04168A;TOP;CHSHWPCB00146I_A9_TOP;2
CH_CPCAP04192A;TOP;CHSHWPCB00146I_A9_TOP;15
CH_CPCAP04586A;TOP;CHSHWPCB00146I_A9_TOP;1
CH_CPCAP04650A;TOP;CHSHWPCB00146I_A9_TOP;1
CH_CPCAP04673A;TOP;CHSHWPCB00146I_A9_TOP;1
CH_CPCAP04716A;TOP;CHSHWPCB00146I_A9_TOP;2
CH_CPCAP04728A;TOP;CHSHWPCB00146I_A9_TOP;1
CH_CPCAP04737A;TOP;CHSHWPCB00146I_A9_TOP;1
CH_CPCAP10009A;TOP;CHSHWPCB00146I_A9_TOP;1
CH_CPCAP10013A;TOP;CHSHWPCB00146I_A9_TOP;2
CH_CPCAP10023A;TOP;CHSHWPCB00146I_A9_TOP;9
CH_CPCAP10095A;TOP;CHSHWPCB00146I_A9_TOP;3
CH_CPCAP10445A;TOP;CHSHWPCB00146I_A9_TOP;93
CH_CPCAP10455A;TOP;CHSHWPCB00146I_A9_TOP;24
CH_CPCAP10463A;TOP;CHSHWPCB00146I_A9_TOP;11
CH_CPCAP10487A;TOP;CHSHWPCB00146I_A9_TOP;9
CH_CPCAP10537A;TOP;CHSHWPCB00146I_A9_TOP;2
CH_CPCAP10555A;TOP;CHSHWPCB00146I_A9_TOP;7
CH_CPCAP10563A;TOP;CHSHWPCB00146I_A9_TOP;6
CH_CPCAP10616A;TOP;CHSHWPCB00146I_A9_TOP;7
CH_CPCAP10633A;TOP;CHSHWPCB00146I_A9_TOP;2
CH_CPCAP10668A;TOP;CHSHWPCB00146I_A9_TOP;10
CH_CPCAP10674A;TOP;CHSHWPCB00146I_A9_TOP;17
CH_CPCAP10686A;TOP;CHSHWPCB00146I_A9_TOP;3
CH_CPCAP10843A;TOP;CHSHWPCB00146I_A9_TOP;1
CH_CPCAP10849A;TOP;CHSHWPCB00146I_A9_TOP;2
CH_CPCAP10850A;TOP;CHSHWPCB00146I_A9_TOP;1
CH_CPCAP10856A;TOP;CHSHWPCB00146I_A9_TOP;6
CH_CPCAP10859A;TOP;CHSHWPCB00146I_A9_TOP;4
CH_CPCAP10864A;TOP;CHSHWPCB00146I_A9_TOP;1
CH_CPCAP10866A;TOP;CHSHWPCB00146I_A9_TOP;2
CH_CPCAP11028A;TOP;CHSHWPCB00146I_A9_TOP;12
CH_CPCAP11252A;TOP;CHSHWPCB00146I_A9_TOP;6
CH_CPCAP12152A;TOP;CHSHWPCB00146I_A9_TOP;4
CH_CPCAP12166A;TOP;CHSHWPCB00146I_A9_TOP;2
CH_CPCAP12189A;TOP;CHSHWPCB00146I_A9_TOP;1
CH_CPCAP12443A;TOP;CHSHWPCB00146I_A9_TOP;1
CH_CPCON01591A;TOP;CHSHWPCB00146I_A9_TOP;1
CH_CPCON01881A;TOP;CHSHWPCB00146I_A9_TOP;1
CH_CPCON02233A;TOP;CHSHWPCB00146I_A9_TOP;1
CH_CPCON02277A;TOP;CHSHWPCB00146I_A9_TOP;1
CH_CPDIO00398A;TOP;CHSHWPCB00146I_A9_TOP;1
CH_CPDIO00414A;TOP;CHSHWPCB00146I_A9_TOP;8
CH_CPDIO00489A;TOP;CHSHWPCB00146I_A9_TOP;1
CH_CPDIO00572A;TOP;CHSHWPCB00146I_A9_TOP;3
CH_CPDIO00635A;TOP;CHSHWPCB00146I_A9_TOP;2
CH_CPFER00017A;TOP;CHSHWPCB00146I_A9_TOP;1
CH_CPFER00046A;TOP;CHSHWPCB00146I_A9_TOP;4
CH_CPFER00073A;TOP;CHSHWPCB00146I_A9_TOP;4
CH_CPFER00083A;TOP;CHSHWPCB00146I_A9_TOP;1
CH_CPFER00084A;TOP;CHSHWPCB00146I_A9_TOP;3
CH_CPFER00110A;TOP;CHSHWPCB00146I_A9_TOP;8
CH_CPFER00111A;TOP;CHSHWPCB00146I_A9_TOP;5
CH_CPICS00162A;TOP;CHSHWPCB00146I_A9_TOP;1
CH_CPICS02990A;TOP;CHSHWPCB00146I_A9_TOP;1
CH_CPICS03188A;TOP;CHSHWPCB00146I_A9_TOP;1
CH_CPICS03250A;TOP;CHSHWPCB00146I_A9_TOP;1
CH_CPICS03266A;TOP;CHSHWPCB00146I_A9_TOP;1
CH_CPICS03287A;TOP;CHSHWPCB00146I_A9_TOP;1
CH_CPICS03289A;TOP;CHSHWPCB00146I_A9_TOP;2
CH_CPICS03314A;TOP;CHSHWPCB00146I_A9_TOP;1
CH_CPICS03369A;TOP;CHSHWPCB00146I_A9_TOP;1
CH_CPICS03373A;TOP;CHSHWPCB00146I_A9_TOP;1
CH_CPICS03374A;TOP;CHSHWPCB00146I_A9_TOP;1
CH_CPICS03444A;TOP;CHSHWPCB00146I_A9_TOP;1
CH_CPIND00321A;TOP;CHSHWPCB00146I_A9_TOP;1
CH_CPIND00337A;TOP;CHSHWPCB00146I_A9_TOP;1
CH_CPIND00345A;TOP;CHSHWPCB00146I_A9_TOP;1
CH_CPIND00347A;TOP;CHSHWPCB00146I_A9_TOP;1
CH_CPIND01097A;TOP;CHSHWPCB00146I_A9_TOP;1
CH_CPIND01262A;TOP;CHSHWPCB00146I_A9_TOP;4
CH_CPIND01272A;TOP;CHSHWPCB00146I_A9_TOP;1
CH_CPIND01287A;TOP;CHSHWPCB00146I_A9_TOP;2
CH_CPIND01473A;TOP;CHSHWPCB00146I_A9_TOP;1
CH_CPIND01501A;TOP;CHSHWPCB00146I_A9_TOP;1
CH_CPIND01520A;TOP;CHSHWPCB00146I_A9_TOP;2
CH_CPIND01521A;TOP;CHSHWPCB00146I_A9_TOP;1
CH_CPIND01522A;TOP;CHSHWPCB00146I_A9_TOP;1
CH_CPIND01648A;TOP;CHSHWPCB00146I_A9_TOP;1
CH_CPIND01847A;TOP;CHSHWPCB00146I_A9_TOP;1
CH_CPIND01958A;TOP;CHSHWPCB00146I_A9_TOP;1
CH_CPPRO00147A;TOP;CHSHWPCB00146I_A9_TOP;2
CH_CPRES05750A;TOP;CHSHWPCB00146I_A9_TOP;2
CH_CPRES05752A;TOP;CHSHWPCB00146I_A9_TOP;1
CH_CPRES05759A;TOP;CHSHWPCB00146I_A9_TOP;34
CH_CPRES05760A;TOP;CHSHWPCB00146I_A9_TOP;7
CH_CPRES05779A;TOP;CHSHWPCB00146I_A9_TOP;1
CH_CPRES05782A;TOP;CHSHWPCB00146I_A9_TOP;1
CH_CPRES05825A;TOP;CHSHWPCB00146I_A9_TOP;1
CH_CPRES12456A;TOP;CHSHWPCB00146I_A9_TOP;2
CH_CPRES12952A;TOP;CHSHWPCB00146I_A9_TOP;1
CH_CPRES14559A;TOP;CHSHWPCB00146I_A9_TOP;1
CH_CPRES14829A;TOP;CHSHWPCB00146I_A9_TOP;2
CH_CPRES15551A;TOP;CHSHWPCB00146I_A9_TOP;1
CH_CPRES15651A;TOP;CHSHWPCB00146I_A9_TOP;1
CH_CPRES15689A;TOP;CHSHWPCB00146I_A9_TOP;1
CH_CPRES15725A;TOP;CHSHWPCB00146I_A9_TOP;21
CH_CPRES15803A;TOP;CHSHWPCB00146I_A9_TOP;20
CH_CPRES15811A;TOP;CHSHWPCB00146I_A9_TOP;1
CH_CPRES15835A;TOP;CHSHWPCB00146I_A9_TOP;3
CH_CPRES15844A;TOP;CHSHWPCB00146I_A9_TOP;3
CH_CPRES15850A;TOP;CHSHWPCB00146I_A9_TOP;1
CH_CPRES15917A;TOP;CHSHWPCB00146I_A9_TOP;10
CH_CPRES15946A;TOP;CHSHWPCB00146I_A9_TOP;1
CH_CPRES15958A;TOP;CHSHWPCB00146I_A9_TOP;1
CH_CPRES15993A;TOP;CHSHWPCB00146I_A9_TOP;19
CH_CPRES16002A;TOP;CHSHWPCB00146I_A9_TOP;2
CH_CPRES16017A;TOP;CHSHWPCB00146I_A9_TOP;1
CH_CPRES16021A;TOP;CHSHWPCB00146I_A9_TOP;1
CH_CPRES16031A;TOP;CHSHWPCB00146I_A9_TOP;64
CH_CPRES16049A;TOP;CHSHWPCB00146I_A9_TOP;1
CH_CPRES16063A;TOP;CHSHWPCB00146I_A9_TOP;2
CH_CPRES16070A;TOP;CHSHWPCB00146I_A9_TOP;1
CH_CPRES16074A;TOP;CHSHWPCB00146I_A9_TOP;1
CH_CPRES16078A;TOP;CHSHWPCB00146I_A9_TOP;5
CH_CPRES16088A;TOP;CHSHWPCB00146I_A9_TOP;4
CH_CPRES16157A;TOP;CHSHWPCB00146I_A9_TOP;1
CH_CPRES16163A;TOP;CHSHWPCB00146I_A9_TOP;1
CH_CPRES16211A;TOP;CHSHWPCB00146I_A9_TOP;1
CH_CPRES16245A;TOP;CHSHWPCB00146I_A9_TOP;1
CH_CPRES16259A;TOP;CHSHWPCB00146I_A9_TOP;1
CH_CPRES16367A;TOP;CHSHWPCB00146I_A9_TOP;2
CH_CPRES16372A;TOP;CHSHWPCB00146I_A9_TOP;5
CH_CPRES16409A;TOP;CHSHWPCB00146I_A9_TOP;11
CH_CPRES16535A;TOP;CHSHWPCB00146I_A9_TOP;1
CH_CPTRT00133A;TOP;CHSHWPCB00146I_A9_TOP;1
CH_CPTRT00338A;TOP;CHSHWPCB00146I_A9_TOP;2
CH_CPTRT00352A;TOP;CHSHWPCB00146I_A9_TOP;2
CH_CPTRT00654A;TOP;CHSHWPCB00146I_A9_TOP;5
CH_CPXOS00125A;TOP;CHSHWPCB00146I_A9_TOP;1
CH_CPXTA00122A;TOP;CHSHWPCB00146I_A9_TOP;1
CH_CPXTA00125A;TOP;CHSHWPCB00146I_A9_TOP;1
CH_CPXTA00131A;TOP;CHSHWPCB00146I_A9_TOP;1
CHS00146I_F1_AP;TOP;CHSHWPCB00146I_A9_TOP;1
EDE000N00;TOP;CHSHWPCB00146I_A9_TOP;1
CH_CPCAP03591A;BOT;CHSHWPCB00147I_A9_BOT;5
CH_CPCAP03774A;BOT;CHSHWPCB00147I_A9_BOT;2
CH_CPCAP04061A;BOT;CHSHWPCB00147I_A9_BOT;2
CH_CPCAP10009A;BOT;CHSHWPCB00147I_A9_BOT;2
CH_CPCAP10014A;BOT;CHSHWPCB00147I_A9_BOT;4
CH_CPCAP10023A;BOT;CHSHWPCB00147I_A9_BOT;11
CH_CPCAP10104A;BOT;CHSHWPCB00147I_A9_BOT;4
CH_CPCAP10445A;BOT;CHSHWPCB00147I_A9_BOT;21
CH_CPCAP10447A;BOT;CHSHWPCB00147I_A9_BOT;4
CH_CPCAP10455A;BOT;CHSHWPCB00147I_A9_BOT;25
CH_CPCAP10472A;BOT;CHSHWPCB00147I_A9_BOT;8
CH_CPCAP10487A;BOT;CHSHWPCB00147I_A9_BOT;19
CH_CPCAP10555A;BOT;CHSHWPCB00147I_A9_BOT;4
CH_CPCAP10563A;BOT;CHSHWPCB00147I_A9_BOT;3
CH_CPCAP10633A;BOT;CHSHWPCB00147I_A9_BOT;3
CH_CPCAP10850A;BOT;CHSHWPCB00147I_A9_BOT;2
CH_CPCAP10866A;BOT;CHSHWPCB00147I_A9_BOT;2
CH_CPCAP10869A;BOT;CHSHWPCB00147I_A9_BOT;1
CH_CPCAP11028A;BOT;CHSHWPCB00147I_A9_BOT;5
CH_CPCAP12152A;BOT;CHSHWPCB00147I_A9_BOT;4
CH_CPCAP12156A;BOT;CHSHWPCB00147I_A9_BOT;5
CH_CPCAP12166A;BOT;CHSHWPCB00147I_A9_BOT;1
CH_CPCAP12214A;BOT;CHSHWPCB00147I_A9_BOT;2
CH_CPCAP12222A;BOT;CHSHWPCB00147I_A9_BOT;2
CH_CPCON02252A;BOT;CHSHWPCB00147I_A9_BOT;1
CH_CPCON02364A;BOT;CHSHWPCB00147I_A9_BOT;1
CH_CPDIO00098A;BOT;CHSHWPCB00147I_A9_BOT;2
CH_CPDIO00398A;BOT;CHSHWPCB00147I_A9_BOT;1
CH_CPDIO00414A;BOT;CHSHWPCB00147I_A9_BOT;6
CH_CPDIO00506A;BOT;CHSHWPCB00147I_A9_BOT;1
CH_CPDIO00638A;BOT;CHSHWPCB00147I_A9_BOT;2
CH_CPFER00017A;BOT;CHSHWPCB00147I_A9_BOT;1
CH_CPFER00046A;BOT;CHSHWPCB00147I_A9_BOT;3
CH_CPFER00073A;BOT;CHSHWPCB00147I_A9_BOT;2
CH_CPFER00579A;BOT;CHSHWPCB00147I_A9_BOT;1
CH_CPICS02792A;BOT;CHSHWPCB00147I_A9_BOT;1
CH_CPICS02990A;BOT;CHSHWPCB00147I_A9_BOT;2
CH_CPICS03143A;BOT;CHSHWPCB00147I_A9_BOT;1
CH_CPICS03153A;BOT;CHSHWPCB00147I_A9_BOT;1
CH_CPICS03260A;BOT;CHSHWPCB00147I_A9_BOT;1
CH_CPICS03278A;BOT;CHSHWPCB00147I_A9_BOT;1
CH_CPICS03280A;BOT;CHSHWPCB00147I_A9_BOT;1
CH_CPICS03299A;BOT;CHSHWPCB00147I_A9_BOT;1
CH_CPICS03301A;BOT;CHSHWPCB00147I_A9_BOT;1
CH_CPICS03416AX;BOT;CHSHWPCB00147I_A9_BOT;1
CH_CPICS03440A;BOT;CHSHWPCB00147I_A9_BOT;1
CH_CPIND00263A;BOT;CHSHWPCB00147I_A9_BOT;1
CH_CPIND01498A;BOT;CHSHWPCB00147I_A9_BOT;2
CH_CPIND01524A;BOT;CHSHWPCB00147I_A9_BOT;1
CH_CPIND01600A;BOT;CHSHWPCB00147I_A9_BOT;8
CH_CPIND01827A;BOT;CHSHWPCB00147I_A9_BOT;1
CH_CPPRO00110A;BOT;CHSHWPCB00147I_A9_BOT;1
CH_CPPRO00147A;BOT;CHSHWPCB00147I_A9_BOT;4
CH_CPRES05436A;BOT;CHSHWPCB00147I_A9_BOT;2
CH_CPRES05759A;BOT;CHSHWPCB00147I_A9_BOT;37
CH_CPRES05760A;BOT;CHSHWPCB00147I_A9_BOT;10
CH_CPRES05767A;BOT;CHSHWPCB00147I_A9_BOT;2
CH_CPRES05768A;BOT;CHSHWPCB00147I_A9_BOT;1
CH_CPRES05774A;BOT;CHSHWPCB00147I_A9_BOT;1
CH_CPRES05782A;BOT;CHSHWPCB00147I_A9_BOT;2
CH_CPRES15632A;BOT;CHSHWPCB00147I_A9_BOT;8
CH_CPRES15689A;BOT;CHSHWPCB00147I_A9_BOT;8
CH_CPRES15803A;BOT;CHSHWPCB00147I_A9_BOT;2
CH_CPRES15844A;BOT;CHSHWPCB00147I_A9_BOT;1
CH_CPRES15888A;BOT;CHSHWPCB00147I_A9_BOT;4
CH_CPRES15917A;BOT;CHSHWPCB00147I_A9_BOT;5
CH_CPRES15921A;BOT;CHSHWPCB00147I_A9_BOT;2
CH_CPRES15964A;BOT;CHSHWPCB00147I_A9_BOT;3
CH_CPRES15993A;BOT;CHSHWPCB00147I_A9_BOT;21
CH_CPRES16008A;BOT;CHSHWPCB00147I_A9_BOT;1
CH_CPRES16017A;BOT;CHSHWPCB00147I_A9_BOT;3
CH_CPRES16031A;BOT;CHSHWPCB00147I_A9_BOT;40
CH_CPRES16063A;BOT;CHSHWPCB00147I_A9_BOT;5
CH_CPRES16076A;BOT;CHSHWPCB00147I_A9_BOT;1
CH_CPRES16088A;BOT;CHSHWPCB00147I_A9_BOT;3
CH_CPRES16225A;BOT;CHSHWPCB00147I_A9_BOT;1
CH_CPRES16349A;BOT;CHSHWPCB00147I_A9_BOT;4
CH_CPRES16372A;BOT;CHSHWPCB00147I_A9_BOT;4
CH_CPRES16409A;BOT;CHSHWPCB00147I_A9_BOT;5
CH_CPRES16442A;BOT;CHSHWPCB00147I_A9_BOT;3
CH_CPRES16535A;BOT;CHSHWPCB00147I_A9_BOT;2
CH_CPTRT00271A;BOT;CHSHWPCB00147I_A9_BOT;1
CH_CPTRT00317A;BOT;CHSHWPCB00147I_A9_BOT;1
CH_CPTRT00654AX;BOT;CHSHWPCB00147I_A9_BOT;3
CH_CPXTA00125A;BOT;CHSHWPCB00147I_A9_BOT;1
CHS00147I_F2_AP;BOT;CHSHWPCB00147I_A9_BOT;1
CH_CPANT00142A;TOP;CHSHWPCB00147I_A9_TOP;1
CH_CPCAP02199A;TOP;CHSHWPCB00147I_A9_TOP;14
CH_CPCAP02204A;TOP;CHSHWPCB00147I_A9_TOP;4
CH_CPCAP02856A;TOP;CHSHWPCB00147I_A9_TOP;1
CH_CPCAP02862A;TOP;CHSHWPCB00147I_A9_TOP;1
CH_CPCAP03591A;TOP;CHSHWPCB00147I_A9_TOP;11
CH_CPCAP03774A;TOP;CHSHWPCB00147I_A9_TOP;5
CH_CPCAP04054A;TOP;CHSHWPCB00147I_A9_TOP;3
CH_CPCAP04057A;TOP;CHSHWPCB00147I_A9_TOP;1
CH_CPCAP04071A;TOP;CHSHWPCB00147I_A9_TOP;119
CH_CPCAP04075A;TOP;CHSHWPCB00147I_A9_TOP;1
CH_CPCAP04168A;TOP;CHSHWPCB00147I_A9_TOP;2
CH_CPCAP04192A;TOP;CHSHWPCB00147I_A9_TOP;15
CH_CPCAP04586A;TOP;CHSHWPCB00147I_A9_TOP;1
CH_CPCAP04650A;TOP;CHSHWPCB00147I_A9_TOP;1
CH_CPCAP04673A;TOP;CHSHWPCB00147I_A9_TOP;1
CH_CPCAP04716A;TOP;CHSHWPCB00147I_A9_TOP;2
CH_CPCAP04728A;TOP;CHSHWPCB00147I_A9_TOP;1
CH_CPCAP04737A;TOP;CHSHWPCB00147I_A9_TOP;1
CH_CPCAP10009A;TOP;CHSHWPCB00147I_A9_TOP;1
CH_CPCAP10013A;TOP;CHSHWPCB00147I_A9_TOP;2
CH_CPCAP10023A;TOP;CHSHWPCB00147I_A9_TOP;9
CH_CPCAP10095A;TOP;CHSHWPCB00147I_A9_TOP;3
CH_CPCAP10445A;TOP;CHSHWPCB00147I_A9_TOP;93
CH_CPCAP10455A;TOP;CHSHWPCB00147I_A9_TOP;24
CH_CPCAP10463A;TOP;CHSHWPCB00147I_A9_TOP;11
CH_CPCAP10487A;TOP;CHSHWPCB00147I_A9_TOP;9
CH_CPCAP10537A;TOP;CHSHWPCB00147I_A9_TOP;2
CH_CPCAP10555A;TOP;CHSHWPCB00147I_A9_TOP;7
CH_CPCAP10563A;TOP;CHSHWPCB00147I_A9_TOP;6
CH_CPCAP10616A;TOP;CHSHWPCB00147I_A9_TOP;7
CH_CPCAP10633A;TOP;CHSHWPCB00147I_A9_TOP;2
CH_CPCAP10668A;TOP;CHSHWPCB00147I_A9_TOP;10
CH_CPCAP10674A;TOP;CHSHWPCB00147I_A9_TOP;17
CH_CPCAP10686A;TOP;CHSHWPCB00147I_A9_TOP;3
CH_CPCAP10843A;TOP;CHSHWPCB00147I_A9_TOP;1
CH_CPCAP10849A;TOP;CHSHWPCB00147I_A9_TOP;2
CH_CPCAP10850A;TOP;CHSHWPCB00147I_A9_TOP;1
CH_CPCAP10856A;TOP;CHSHWPCB00147I_A9_TOP;6
CH_CPCAP10859A;TOP;CHSHWPCB00147I_A9_TOP;4
CH_CPCAP10864A;TOP;CHSHWPCB00147I_A9_TOP;1
CH_CPCAP10866A;TOP;CHSHWPCB00147I_A9_TOP;2
CH_CPCAP11028A;TOP;CHSHWPCB00147I_A9_TOP;12
CH_CPCAP11252A;TOP;CHSHWPCB00147I_A9_TOP;6
CH_CPCAP12152A;TOP;CHSHWPCB00147I_A9_TOP;4
CH_CPCAP12166A;TOP;CHSHWPCB00147I_A9_TOP;2
CH_CPCAP12189A;TOP;CHSHWPCB00147I_A9_TOP;1
CH_CPCAP12443A;TOP;CHSHWPCB00147I_A9_TOP;1
CH_CPCON01591A;TOP;CHSHWPCB00147I_A9_TOP;1
CH_CPCON01881A;TOP;CHSHWPCB00147I_A9_TOP;1
CH_CPCON02233A;TOP;CHSHWPCB00147I_A9_TOP;1
CH_CPCON02277A;TOP;CHSHWPCB00147I_A9_TOP;1
CH_CPDIO00398A;TOP;CHSHWPCB00147I_A9_TOP;1
CH_CPDIO00414A;TOP;CHSHWPCB00147I_A9_TOP;8
CH_CPDIO00489A;TOP;CHSHWPCB00147I_A9_TOP;1
CH_CPDIO00572A;TOP;CHSHWPCB00147I_A9_TOP;3
CH_CPDIO00575A;TOP;CHSHWPCB00147I_A9_TOP;2
CH_CPFER00017A;TOP;CHSHWPCB00147I_A9_TOP;1
CH_CPFER00046A;TOP;CHSHWPCB00147I_A9_TOP;4
CH_CPFER00073A;TOP;CHSHWPCB00147I_A9_TOP;4
CH_CPFER00083A;TOP;CHSHWPCB00147I_A9_TOP;1
CH_CPFER00084A;TOP;CHSHWPCB00147I_A9_TOP;3
CH_CPFER00110A;TOP;CHSHWPCB00147I_A9_TOP;8
CH_CPFER00111A;TOP;CHSHWPCB00147I_A9_TOP;5
CH_CPICS00162A;TOP;CHSHWPCB00147I_A9_TOP;1
CH_CPICS02990A;TOP;CHSHWPCB00147I_A9_TOP;1
CH_CPICS03188A;TOP;CHSHWPCB00147I_A9_TOP;1
CH_CPICS03250A;TOP;CHSHWPCB00147I_A9_TOP;1
CH_CPICS03266A;TOP;CHSHWPCB00147I_A9_TOP;1
CH_CPICS03287A;TOP;CHSHWPCB00147I_A9_TOP;1
CH_CPICS03289A;TOP;CHSHWPCB00147I_A9_TOP;2
CH_CPICS03314A;TOP;CHSHWPCB00147I_A9_TOP;1
CH_CPICS03369A;TOP;CHSHWPCB00147I_A9_TOP;1
CH_CPICS03373A;TOP;CHSHWPCB00147I_A9_TOP;1
CH_CPICS03374A;TOP;CHSHWPCB00147I_A9_TOP;1
CH_CPICS03444A;TOP;CHSHWPCB00147I_A9_TOP;1
CH_CPIND00321A;TOP;CHSHWPCB00147I_A9_TOP;1
CH_CPIND00337A;TOP;CHSHWPCB00147I_A9_TOP;1
CH_CPIND00345A;TOP;CHSHWPCB00147I_A9_TOP;1
CH_CPIND00347A;TOP;CHSHWPCB00147I_A9_TOP;1
CH_CPIND01097A;TOP;CHSHWPCB00147I_A9_TOP;1
CH_CPIND01262A;TOP;CHSHWPCB00147I_A9_TOP;4
CH_CPIND01272A;TOP;CHSHWPCB00147I_A9_TOP;1
CH_CPIND01287A;TOP;CHSHWPCB00147I_A9_TOP;2
CH_CPIND01473A;TOP;CHSHWPCB00147I_A9_TOP;1
CH_CPIND01501A;TOP;CHSHWPCB00147I_A9_TOP;1
CH_CPIND01520A;TOP;CHSHWPCB00147I_A9_TOP;2
CH_CPIND01521A;TOP;CHSHWPCB00147I_A9_TOP;1
CH_CPIND01522A;TOP;CHSHWPCB00147I_A9_TOP;1
CH_CPIND01648A;TOP;CHSHWPCB00147I_A9_TOP;1
CH_CPIND01847A;TOP;CHSHWPCB00147I_A9_TOP;1
CH_CPIND01958A;TOP;CHSHWPCB00147I_A9_TOP;1
CH_CPPRO00147A;TOP;CHSHWPCB00147I_A9_TOP;2
CH_CPRES05750A;TOP;CHSHWPCB00147I_A9_TOP;2
CH_CPRES05752A;TOP;CHSHWPCB00147I_A9_TOP;1
CH_CPRES05759A;TOP;CHSHWPCB00147I_A9_TOP;34
CH_CPRES05760A;TOP;CHSHWPCB00147I_A9_TOP;7
CH_CPRES05779A;TOP;CHSHWPCB00147I_A9_TOP;1
CH_CPRES05782A;TOP;CHSHWPCB00147I_A9_TOP;1
CH_CPRES05825A;TOP;CHSHWPCB00147I_A9_TOP;1
CH_CPRES12456A;TOP;CHSHWPCB00147I_A9_TOP;2
CH_CPRES12952A;TOP;CHSHWPCB00147I_A9_TOP;1
CH_CPRES14559A;TOP;CHSHWPCB00147I_A9_TOP;1
CH_CPRES14829A;TOP;CHSHWPCB00147I_A9_TOP;2
CH_CPRES15551A;TOP;CHSHWPCB00147I_A9_TOP;1
CH_CPRES15651A;TOP;CHSHWPCB00147I_A9_TOP;1
CH_CPRES15689A;TOP;CHSHWPCB00147I_A9_TOP;1
CH_CPRES15725A;TOP;CHSHWPCB00147I_A9_TOP;21
CH_CPRES15803A;TOP;CHSHWPCB00147I_A9_TOP;20
CH_CPRES15811A;TOP;CHSHWPCB00147I_A9_TOP;1
CH_CPRES15835A;TOP;CHSHWPCB00147I_A9_TOP;3
CH_CPRES15844A;TOP;CHSHWPCB00147I_A9_TOP;3
CH_CPRES15850A;TOP;CHSHWPCB00147I_A9_TOP;1
CH_CPRES15917A;TOP;CHSHWPCB00147I_A9_TOP;10
CH_CPRES15946A;TOP;CHSHWPCB00147I_A9_TOP;1
CH_CPRES15982A;TOP;CHSHWPCB00147I_A9_TOP;1
CH_CPRES15993A;TOP;CHSHWPCB00147I_A9_TOP;19
CH_CPRES16002A;TOP;CHSHWPCB00147I_A9_TOP;2
CH_CPRES16017A;TOP;CHSHWPCB00147I_A9_TOP;1
CH_CPRES16021A;TOP;CHSHWPCB00147I_A9_TOP;1
CH_CPRES16031A;TOP;CHSHWPCB00147I_A9_TOP;63
CH_CPRES16049A;TOP;CHSHWPCB00147I_A9_TOP;1
CH_CPRES16063A;TOP;CHSHWPCB00147I_A9_TOP;2
CH_CPRES16070A;TOP;CHSHWPCB00147I_A9_TOP;1
CH_CPRES16074A;TOP;CHSHWPCB00147I_A9_TOP;1
CH_CPRES16078A;TOP;CHSHWPCB00147I_A9_TOP;5
CH_CPRES16088A;TOP;CHSHWPCB00147I_A9_TOP;4
CH_CPRES16157A;TOP;CHSHWPCB00147I_A9_TOP;1
CH_CPRES16163A;TOP;CHSHWPCB00147I_A9_TOP;1
CH_CPRES16211A;TOP;CHSHWPCB00147I_A9_TOP;1
CH_CPRES16245A;TOP;CHSHWPCB00147I_A9_TOP;1
CH_CPRES16259A;TOP;CHSHWPCB00147I_A9_TOP;1
CH_CPRES16367A;TOP;CHSHWPCB00147I_A9_TOP;2
CH_CPRES16372A;TOP;CHSHWPCB00147I_A9_TOP;5
CH_CPRES16409A;TOP;CHSHWPCB00147I_A9_TOP;11
CH_CPRES16535A;TOP;CHSHWPCB00147I_A9_TOP;1
CH_CPTRT00133A;TOP;CHSHWPCB00147I_A9_TOP;1
CH_CPTRT00317A;TOP;CHSHWPCB00147I_A9_TOP;2
CH_CPTRT00338A;TOP;CHSHWPCB00147I_A9_TOP;2
CH_CPTRT00654A;TOP;CHSHWPCB00147I_A9_TOP;5
CH_CPXOS00125A;TOP;CHSHWPCB00147I_A9_TOP;1
CH_CPXTA00122A;TOP;CHSHWPCB00147I_A9_TOP;1
CH_CPXTA00125A;TOP;CHSHWPCB00147I_A9_TOP;1
CH_CPXTA00131A;TOP;CHSHWPCB00147I_A9_TOP;1
CHS00147I_F1_AP;TOP;CHSHWPCB00147I_A9_TOP;1
EDE000N00;TOP;CHSHWPCB00147I_A9_TOP;1
CH_CPCAP02201A;BOT;CHSHWPCB00240C_A9_BOT;2
CH_CPCAP02845A;BOT;CHSHWPCB00240C_A9_BOT;5
CH_CPCAP02848A;BOT;CHSHWPCB00240C_A9_BOT;4
CH_CPCAP02854A;BOT;CHSHWPCB00240C_A9_BOT;1
CH_CPCAP03597A;BOT;CHSHWPCB00240C_A9_BOT;2
CH_CPCAP10018A;BOT;CHSHWPCB00240C_A9_BOT;9
CH_CPCAP10445A;BOT;CHSHWPCB00240C_A9_BOT;58
CH_CPCAP10455A;BOT;CHSHWPCB00240C_A9_BOT;9
CH_CPCAP10487A;BOT;CHSHWPCB00240C_A9_BOT;3
CH_CPCAP10549A;BOT;CHSHWPCB00240C_A9_BOT;4
CH_CPCAP10556A;BOT;CHSHWPCB00240C_A9_BOT;3
CH_CPCAP10563A;BOT;CHSHWPCB00240C_A9_BOT;1
CH_CPCAP10865A;BOT;CHSHWPCB00240C_A9_BOT;1
CH_CPCAP10869A;BOT;CHSHWPCB00240C_A9_BOT;2
CH_CPDIO00598A;BOT;CHSHWPCB00240C_A9_BOT;2
CH_CPFER00017A;BOT;CHSHWPCB00240C_A9_BOT;2
CH_CPFER00040A;BOT;CHSHWPCB00240C_A9_BOT;3
CH_CPFER00546A;BOT;CHSHWPCB00240C_A9_BOT;2
CH_CPIND00344A;BOT;CHSHWPCB00240C_A9_BOT;6
CH_CPRES05759A;BOT;CHSHWPCB00240C_A9_BOT;4
CH_CPRES05762A;BOT;CHSHWPCB00240C_A9_BOT;2
CH_CPRES05763A;BOT;CHSHWPCB00240C_A9_BOT;25
CH_CPRES05766A;BOT;CHSHWPCB00240C_A9_BOT;7
CH_CPRES15549A;BOT;CHSHWPCB00240C_A9_BOT;1
CH_CPRES15821A;BOT;CHSHWPCB00240C_A9_BOT;3
CH_CPRES15844A;BOT;CHSHWPCB00240C_A9_BOT;2
CH_CPRES15935A;BOT;CHSHWPCB00240C_A9_BOT;1
CH_CPRES15993A;BOT;CHSHWPCB00240C_A9_BOT;1
CH_CPRES16308A;BOT;CHSHWPCB00240C_A9_BOT;1
CH_CPRES16340A;BOT;CHSHWPCB00240C_A9_BOT;2
CH_CPRES16380A;BOT;CHSHWPCB00240C_A9_BOT;1
CH_CPTRT00322A;BOT;CHSHWPCB00240C_A9_BOT;1
CH_CPCAP02201A;TOP;CHSHWPCB00240C_A9_TOP;3
CH_CPCAP02204A;TOP;CHSHWPCB00240C_A9_TOP;1
CH_CPCAP02848A;TOP;CHSHWPCB00240C_A9_TOP;1
CH_CPCAP02854A;TOP;CHSHWPCB00240C_A9_TOP;10
CH_CPCAP03597A;TOP;CHSHWPCB00240C_A9_TOP;6
CH_CPCAP04239A;TOP;CHSHWPCB00240C_A9_TOP;1
CH_CPCAP04255A;TOP;CHSHWPCB00240C_A9_TOP;4
CH_CPCAP04512A;TOP;CHSHWPCB00240C_A9_TOP;4
CH_CPCAP04823A;TOP;CHSHWPCB00240C_A9_TOP;1
CH_CPCAP04837A;TOP;CHSHWPCB00240C_A9_TOP;5
CH_CPCAP04838A;TOP;CHSHWPCB00240C_A9_TOP;2
CH_CPCAP04839A;TOP;CHSHWPCB00240C_A9_TOP;1
CH_CPCAP04840A;TOP;CHSHWPCB00240C_A9_TOP;1
CH_CPCAP10009A;TOP;CHSHWPCB00240C_A9_TOP;1
CH_CPCAP10018A;TOP;CHSHWPCB00240C_A9_TOP;1
CH_CPCAP10089A;TOP;CHSHWPCB00240C_A9_TOP;2
CH_CPCAP10095A;TOP;CHSHWPCB00240C_A9_TOP;2
CH_CPCAP10445A;TOP;CHSHWPCB00240C_A9_TOP;12
CH_CPCAP10477A;TOP;CHSHWPCB00240C_A9_TOP;1
CH_CPCAP10487A;TOP;CHSHWPCB00240C_A9_TOP;2
CH_CPCAP10556A;TOP;CHSHWPCB00240C_A9_TOP;9
CH_CPCAP10563A;TOP;CHSHWPCB00240C_A9_TOP;1
CH_CPCAP10618A;TOP;CHSHWPCB00240C_A9_TOP;1
CH_CPCAP10648A;TOP;CHSHWPCB00240C_A9_TOP;2
CH_CPCAP10674A;TOP;CHSHWPCB00240C_A9_TOP;2
CH_CPCAP10853A;TOP;CHSHWPCB00240C_A9_TOP;3
CH_CPCAP10854A;TOP;CHSHWPCB00240C_A9_TOP;2
CH_CPCAP10857A;TOP;CHSHWPCB00240C_A9_TOP;1
CH_CPCAP10858A;TOP;CHSHWPCB00240C_A9_TOP;2
CH_CPCAP10865A;TOP;CHSHWPCB00240C_A9_TOP;5
CH_CPCAP10869A;TOP;CHSHWPCB00240C_A9_TOP;6
CH_CPCAP10877A;TOP;CHSHWPCB00240C_A9_TOP;5
CH_CPCAP11038A;TOP;CHSHWPCB00240C_A9_TOP;1
CH_CPCAP11040A;TOP;CHSHWPCB00240C_A9_TOP;1
CH_CPCAP11122A;TOP;CHSHWPCB00240C_A9_TOP;1
CH_CPCAP11216A;TOP;CHSHWPCB00240C_A9_TOP;1
CH_CPCAP11217A;TOP;CHSHWPCB00240C_A9_TOP;1
CH_CPCON02296A;TOP;CHSHWPCB00240C_A9_TOP;1
CH_CPCON02385A;TOP;CHSHWPCB00240C_A9_TOP;1
CH_CPCON02392A;TOP;CHSHWPCB00240C_A9_TOP;1
CH_CPDIO00398A;TOP;CHSHWPCB00240C_A9_TOP;1
CH_CPDIO00441A;TOP;CHSHWPCB00240C_A9_TOP;1
CH_CPDIO00597A;TOP;CHSHWPCB00240C_A9_TOP;1
CH_CPFER00027A;TOP;CHSHWPCB00240C_A9_TOP;2
CH_CPFER00542A;TOP;CHSHWPCB00240C_A9_TOP;2
CH_CPFER00546A;TOP;CHSHWPCB00240C_A9_TOP;2
CH_CPFLT00043A;TOP;CHSHWPCB00240C_A9_TOP;4
CH_CPICS01690A;TOP;CHSHWPCB00240C_A9_TOP;1
CH_CPICS01995A;TOP;CHSHWPCB00240C_A9_TOP;1
CH_CPICS02158A;TOP;CHSHWPCB00240C_A9_TOP;1
CH_CPICS02591A;TOP;CHSHWPCB00240C_A9_TOP;1
CH_CPICS03372A;TOP;CHSHWPCB00240C_A9_TOP;1
CH_CPICS03401A;TOP;CHSHWPCB00240C_A9_TOP;1
CH_CPICS03523A;TOP;CHSHWPCB00240C_A9_TOP;1
CH_CPICS03533A;TOP;CHSHWPCB00240C_A9_TOP;1
CH_CPICS03635A;TOP;CHSHWPCB00240C_A9_TOP;1
CH_CPIND00335A;TOP;CHSHWPCB00240C_A9_TOP;4
CH_CPIND00336A;TOP;CHSHWPCB00240C_A9_TOP;2
CH_CPIND00337A;TOP;CHSHWPCB00240C_A9_TOP;2
CH_CPIND00341A;TOP;CHSHWPCB00240C_A9_TOP;2
CH_CPIND00344A;TOP;CHSHWPCB00240C_A9_TOP;2
CH_CPIND00488A;TOP;CHSHWPCB00240C_A9_TOP;2
CH_CPIND00489A;TOP;CHSHWPCB00240C_A9_TOP;1
CH_CPIND00490A;TOP;CHSHWPCB00240C_A9_TOP;4
CH_CPIND00603A;TOP;CHSHWPCB00240C_A9_TOP;6
CH_CPIND01241A;TOP;CHSHWPCB00240C_A9_TOP;1
CH_CPIND01262A;TOP;CHSHWPCB00240C_A9_TOP;1
CH_CPIND01491A;TOP;CHSHWPCB00240C_A9_TOP;1
CH_CPIND01506A;TOP;CHSHWPCB00240C_A9_TOP;5
CH_CPIND01650A;TOP;CHSHWPCB00240C_A9_TOP;2
CH_CPIND01967A;TOP;CHSHWPCB00240C_A9_TOP;4
CH_CPIND01968A;TOP;CHSHWPCB00240C_A9_TOP;2
CH_CPPRO00034A;TOP;CHSHWPCB00240C_A9_TOP;2
CH_CPPRO00110A;TOP;CHSHWPCB00240C_A9_TOP;1
CH_CPRES05759A;TOP;CHSHWPCB00240C_A9_TOP;5
CH_CPRES05763A;TOP;CHSHWPCB00240C_A9_TOP;5
CH_CPRES05766A;TOP;CHSHWPCB00240C_A9_TOP;1
CH_CPRES14255A;TOP;CHSHWPCB00240C_A9_TOP;2
CH_CPRES14483A;TOP;CHSHWPCB00240C_A9_TOP;1
CH_CPRES15218A;TOP;CHSHWPCB00240C_A9_TOP;1
CH_CPRES15556A;TOP;CHSHWPCB00240C_A9_TOP;1
CH_CPRES15557A;TOP;CHSHWPCB00240C_A9_TOP;1
CH_CPRES15768A;TOP;CHSHWPCB00240C_A9_TOP;2
CH_CPRES15996A;TOP;CHSHWPCB00240C_A9_TOP;1
CH_CPRES16035A;TOP;CHSHWPCB00240C_A9_TOP;1
CH_CPRES16037A;TOP;CHSHWPCB00240C_A9_TOP;1
CH_CPRES16044A;TOP;CHSHWPCB00240C_A9_TOP;1
CH_CPRES16089A;TOP;CHSHWPCB00240C_A9_TOP;1
CH_CPRES16140A;TOP;CHSHWPCB00240C_A9_TOP;1
CH_CPRES16180A;TOP;CHSHWPCB00240C_A9_TOP;1
CH_CPRES16296A;TOP;CHSHWPCB00240C_A9_TOP;12
CH_CPRES16308A;TOP;CHSHWPCB00240C_A9_TOP;3
CH_CPRES16380A;TOP;CHSHWPCB00240C_A9_TOP;1
CH_CPRES16387A;TOP;CHSHWPCB00240C_A9_TOP;1
CH_CPRES16404A;TOP;CHSHWPCB00240C_A9_TOP;2
CH_CPTRT00278A;TOP;CHSHWPCB00240C_A9_TOP;1
CH_CPTRT00312A;TOP;CHSHWPCB00240C_A9_TOP;1
CH_CPXTA00112A;TOP;CHSHWPCB00240C_A9_TOP;1
CH_CPCAP02201A;BOT;CHSHWPCB00240D_A9_BOT;2
CH_CPCAP02845A;BOT;CHSHWPCB00240D_A9_BOT;5
CH_CPCAP02848A;BOT;CHSHWPCB00240D_A9_BOT;4
CH_CPCAP02854A;BOT;CHSHWPCB00240D_A9_BOT;1
CH_CPCAP03597A;BOT;CHSHWPCB00240D_A9_BOT;2
CH_CPCAP10018A;BOT;CHSHWPCB00240D_A9_BOT;9
CH_CPCAP10445A;BOT;CHSHWPCB00240D_A9_BOT;58
CH_CPCAP10455A;BOT;CHSHWPCB00240D_A9_BOT;9
CH_CPCAP10487A;BOT;CHSHWPCB00240D_A9_BOT;3
CH_CPCAP10549A;BOT;CHSHWPCB00240D_A9_BOT;4
CH_CPCAP10555A;BOT;CHSHWPCB00240D_A9_BOT;3
CH_CPCAP10563A;BOT;CHSHWPCB00240D_A9_BOT;1
CH_CPCAP10865A;BOT;CHSHWPCB00240D_A9_BOT;1
CH_CPCAP10869A;BOT;CHSHWPCB00240D_A9_BOT;2
CH_CPDIO00598A;BOT;CHSHWPCB00240D_A9_BOT;2
CH_CPFER00017A;BOT;CHSHWPCB00240D_A9_BOT;2
CH_CPFER00040A;BOT;CHSHWPCB00240D_A9_BOT;3
CH_CPFER00546A;BOT;CHSHWPCB00240D_A9_BOT;2
CH_CPIND00344A;BOT;CHSHWPCB00240D_A9_BOT;6
CH_CPRES05759A;BOT;CHSHWPCB00240D_A9_BOT;4
CH_CPRES05762A;BOT;CHSHWPCB00240D_A9_BOT;2
CH_CPRES05763A;BOT;CHSHWPCB00240D_A9_BOT;25
CH_CPRES05766A;BOT;CHSHWPCB00240D_A9_BOT;7
CH_CPRES15549A;BOT;CHSHWPCB00240D_A9_BOT;1
CH_CPRES15821A;BOT;CHSHWPCB00240D_A9_BOT;3
CH_CPRES15844A;BOT;CHSHWPCB00240D_A9_BOT;2
CH_CPRES15935A;BOT;CHSHWPCB00240D_A9_BOT;1
CH_CPRES15993A;BOT;CHSHWPCB00240D_A9_BOT;1
CH_CPRES16308A;BOT;CHSHWPCB00240D_A9_BOT;1
CH_CPRES16340A;BOT;CHSHWPCB00240D_A9_BOT;2
CH_CPRES16380A;BOT;CHSHWPCB00240D_A9_BOT;1
CH_CPTRT00322A;BOT;CHSHWPCB00240D_A9_BOT;1
CH_CPCAP02201A;TOP;CHSHWPCB00240D_A9_TOP;3
CH_CPCAP02204A;TOP;CHSHWPCB00240D_A9_TOP;1
CH_CPCAP02848A;TOP;CHSHWPCB00240D_A9_TOP;1
CH_CPCAP02854A;TOP;CHSHWPCB00240D_A9_TOP;10
CH_CPCAP03597A;TOP;CHSHWPCB00240D_A9_TOP;6
CH_CPCAP04239A;TOP;CHSHWPCB00240D_A9_TOP;1
CH_CPCAP04255A;TOP;CHSHWPCB00240D_A9_TOP;4
CH_CPCAP04512A;TOP;CHSHWPCB00240D_A9_TOP;4
CH_CPCAP04823A;TOP;CHSHWPCB00240D_A9_TOP;1
CH_CPCAP04837A;TOP;CHSHWPCB00240D_A9_TOP;5
CH_CPCAP04838A;TOP;CHSHWPCB00240D_A9_TOP;2
CH_CPCAP04839A;TOP;CHSHWPCB00240D_A9_TOP;1
CH_CPCAP04840A;TOP;CHSHWPCB00240D_A9_TOP;1
CH_CPCAP10009A;TOP;CHSHWPCB00240D_A9_TOP;1
CH_CPCAP10018A;TOP;CHSHWPCB00240D_A9_TOP;1
CH_CPCAP10089A;TOP;CHSHWPCB00240D_A9_TOP;2
CH_CPCAP10095A;TOP;CHSHWPCB00240D_A9_TOP;2
CH_CPCAP10445A;TOP;CHSHWPCB00240D_A9_TOP;12
CH_CPCAP10477A;TOP;CHSHWPCB00240D_A9_TOP;1
CH_CPCAP10487A;TOP;CHSHWPCB00240D_A9_TOP;2
CH_CPCAP10555A;TOP;CHSHWPCB00240D_A9_TOP;9
CH_CPCAP10563A;TOP;CHSHWPCB00240D_A9_TOP;1
CH_CPCAP10618A;TOP;CHSHWPCB00240D_A9_TOP;1
CH_CPCAP10648A;TOP;CHSHWPCB00240D_A9_TOP;2
CH_CPCAP10674A;TOP;CHSHWPCB00240D_A9_TOP;2
CH_CPCAP10853A;TOP;CHSHWPCB00240D_A9_TOP;3
CH_CPCAP10854A;TOP;CHSHWPCB00240D_A9_TOP;2
CH_CPCAP10857A;TOP;CHSHWPCB00240D_A9_TOP;1
CH_CPCAP10858A;TOP;CHSHWPCB00240D_A9_TOP;2
CH_CPCAP10865A;TOP;CHSHWPCB00240D_A9_TOP;5
CH_CPCAP10869A;TOP;CHSHWPCB00240D_A9_TOP;6
CH_CPCAP10877A;TOP;CHSHWPCB00240D_A9_TOP;5
CH_CPCAP11038A;TOP;CHSHWPCB00240D_A9_TOP;1
CH_CPCAP11040A;TOP;CHSHWPCB00240D_A9_TOP;1
CH_CPCAP11122A;TOP;CHSHWPCB00240D_A9_TOP;1
CH_CPCAP11216A;TOP;CHSHWPCB00240D_A9_TOP;1
CH_CPCON02296A;TOP;CHSHWPCB00240D_A9_TOP;1
CH_CPCON02385A;TOP;CHSHWPCB00240D_A9_TOP;1
CH_CPCON02392A;TOP;CHSHWPCB00240D_A9_TOP;1
CH_CPDIO00398A;TOP;CHSHWPCB00240D_A9_TOP;1
CH_CPDIO00441A;TOP;CHSHWPCB00240D_A9_TOP;1
CH_CPDIO00597A;TOP;CHSHWPCB00240D_A9_TOP;1
CH_CPFER00027A;TOP;CHSHWPCB00240D_A9_TOP;2
CH_CPFER00542A;TOP;CHSHWPCB00240D_A9_TOP;2
CH_CPFER00546A;TOP;CHSHWPCB00240D_A9_TOP;2
CH_CPFLT00043A;TOP;CHSHWPCB00240D_A9_TOP;4
CH_CPICS01690A;TOP;CHSHWPCB00240D_A9_TOP;1
CH_CPICS01995A;TOP;CHSHWPCB00240D_A9_TOP;1
CH_CPICS02158A;TOP;CHSHWPCB00240D_A9_TOP;1
CH_CPICS02591A;TOP;CHSHWPCB00240D_A9_TOP;1
CH_CPICS03372A;TOP;CHSHWPCB00240D_A9_TOP;1
CH_CPICS03401A;TOP;CHSHWPCB00240D_A9_TOP;1
CH_CPICS03523A;TOP;CHSHWPCB00240D_A9_TOP;1
CH_CPICS03533A;TOP;CHSHWPCB00240D_A9_TOP;1
CH_CPICS03635A;TOP;CHSHWPCB00240D_A9_TOP;1
CH_CPIND00335A;TOP;CHSHWPCB00240D_A9_TOP;4
CH_CPIND00336A;TOP;CHSHWPCB00240D_A9_TOP;2
CH_CPIND00337A;TOP;CHSHWPCB00240D_A9_TOP;2
CH_CPIND00341A;TOP;CHSHWPCB00240D_A9_TOP;2
CH_CPIND00344A;TOP;CHSHWPCB00240D_A9_TOP;2
CH_CPIND00488A;TOP;CHSHWPCB00240D_A9_TOP;2
CH_CPIND00489A;TOP;CHSHWPCB00240D_A9_TOP;1
CH_CPIND00490A;TOP;CHSHWPCB00240D_A9_TOP;4
CH_CPIND00603A;TOP;CHSHWPCB00240D_A9_TOP;6
CH_CPIND01241A;TOP;CHSHWPCB00240D_A9_TOP;1
CH_CPIND01262A;TOP;CHSHWPCB00240D_A9_TOP;1
CH_CPIND01491A;TOP;CHSHWPCB00240D_A9_TOP;1
CH_CPIND01506A;TOP;CHSHWPCB00240D_A9_TOP;5
CH_CPIND01650A;TOP;CHSHWPCB00240D_A9_TOP;2
CH_CPIND01967A;TOP;CHSHWPCB00240D_A9_TOP;4
CH_CPIND01968A;TOP;CHSHWPCB00240D_A9_TOP;2
CH_CPPRO00034A;TOP;CHSHWPCB00240D_A9_TOP;2
CH_CPPRO00144A;TOP;CHSHWPCB00240D_A9_TOP;1
CH_CPRES05759A;TOP;CHSHWPCB00240D_A9_TOP;6
CH_CPRES05763A;TOP;CHSHWPCB00240D_A9_TOP;5
CH_CPRES05766A;TOP;CHSHWPCB00240D_A9_TOP;1
CH_CPRES14255A;TOP;CHSHWPCB00240D_A9_TOP;2
CH_CPRES14483A;TOP;CHSHWPCB00240D_A9_TOP;1
CH_CPRES15218A;TOP;CHSHWPCB00240D_A9_TOP;1
CH_CPRES15393A;TOP;CHSHWPCB00240D_A9_TOP;1
CH_CPRES15556A;TOP;CHSHWPCB00240D_A9_TOP;1
CH_CPRES15768A;TOP;CHSHWPCB00240D_A9_TOP;2
CH_CPRES15996A;TOP;CHSHWPCB00240D_A9_TOP;1
CH_CPRES16035A;TOP;CHSHWPCB00240D_A9_TOP;1
CH_CPRES16037A;TOP;CHSHWPCB00240D_A9_TOP;1
CH_CPRES16140A;TOP;CHSHWPCB00240D_A9_TOP;1
CH_CPRES16180A;TOP;CHSHWPCB00240D_A9_TOP;1
CH_CPRES16213A;TOP;CHSHWPCB00240D_A9_TOP;1
CH_CPRES16296A;TOP;CHSHWPCB00240D_A9_TOP;12
CH_CPRES16308A;TOP;CHSHWPCB00240D_A9_TOP;3
CH_CPRES16387A;TOP;CHSHWPCB00240D_A9_TOP;1
CH_CPRES16404A;TOP;CHSHWPCB00240D_A9_TOP;2
CH_CPTRT00278A;TOP;CHSHWPCB00240D_A9_TOP;1
CH_CPTRT00312A;TOP;CHSHWPCB00240D_A9_TOP;1
CH_CPXTA00112A;TOP;CHSHWPCB00240D_A9_TOP;1
CH_CPCAP02201A;BOT;CHSHWPCB00240F_A9_BOT;2
CH_CPCAP02845A;BOT;CHSHWPCB00240F_A9_BOT;5
CH_CPCAP02848A;BOT;CHSHWPCB00240F_A9_BOT;4
CH_CPCAP02854A;BOT;CHSHWPCB00240F_A9_BOT;1
CH_CPCAP03597A;BOT;CHSHWPCB00240F_A9_BOT;2
CH_CPCAP10018A;BOT;CHSHWPCB00240F_A9_BOT;9
CH_CPCAP10445A;BOT;CHSHWPCB00240F_A9_BOT;58
CH_CPCAP10455A;BOT;CHSHWPCB00240F_A9_BOT;9
CH_CPCAP10487A;BOT;CHSHWPCB00240F_A9_BOT;3
CH_CPCAP10549A;BOT;CHSHWPCB00240F_A9_BOT;4
CH_CPCAP10555A;BOT;CHSHWPCB00240F_A9_BOT;3
CH_CPCAP10563A;BOT;CHSHWPCB00240F_A9_BOT;1
CH_CPCAP10865A;BOT;CHSHWPCB00240F_A9_BOT;1
CH_CPCAP10869A;BOT;CHSHWPCB00240F_A9_BOT;2
CH_CPFER00017A;BOT;CHSHWPCB00240F_A9_BOT;2
CH_CPFER00040A;BOT;CHSHWPCB00240F_A9_BOT;3
CH_CPFER00546A;BOT;CHSHWPCB00240F_A9_BOT;2
CH_CPIND00344A;BOT;CHSHWPCB00240F_A9_BOT;6
CH_CPRES05759A;BOT;CHSHWPCB00240F_A9_BOT;4
CH_CPRES05762A;BOT;CHSHWPCB00240F_A9_BOT;2
CH_CPRES05763A;BOT;CHSHWPCB00240F_A9_BOT;24
CH_CPRES05766A;BOT;CHSHWPCB00240F_A9_BOT;7
CH_CPRES15549A;BOT;CHSHWPCB00240F_A9_BOT;1
CH_CPRES15821A;BOT;CHSHWPCB00240F_A9_BOT;3
CH_CPRES15844A;BOT;CHSHWPCB00240F_A9_BOT;2
CH_CPRES15935A;BOT;CHSHWPCB00240F_A9_BOT;1
CH_CPRES15993A;BOT;CHSHWPCB00240F_A9_BOT;1
CH_CPRES16308A;BOT;CHSHWPCB00240F_A9_BOT;1
CH_CPRES16340A;BOT;CHSHWPCB00240F_A9_BOT;2
CH_CPRES16380A;BOT;CHSHWPCB00240F_A9_BOT;1
CH_CPCAP02201A;TOP;CHSHWPCB00240F_A9_TOP;3
CH_CPCAP02204A;TOP;CHSHWPCB00240F_A9_TOP;1
CH_CPCAP02848A;TOP;CHSHWPCB00240F_A9_TOP;1
CH_CPCAP02854A;TOP;CHSHWPCB00240F_A9_TOP;10
CH_CPCAP03597A;TOP;CHSHWPCB00240F_A9_TOP;6
CH_CPCAP04239A;TOP;CHSHWPCB00240F_A9_TOP;1
CH_CPCAP04255A;TOP;CHSHWPCB00240F_A9_TOP;4
CH_CPCAP04512A;TOP;CHSHWPCB00240F_A9_TOP;4
CH_CPCAP04823A;TOP;CHSHWPCB00240F_A9_TOP;1
CH_CPCAP04837A;TOP;CHSHWPCB00240F_A9_TOP;5
CH_CPCAP04838A;TOP;CHSHWPCB00240F_A9_TOP;2
CH_CPCAP04839A;TOP;CHSHWPCB00240F_A9_TOP;1
CH_CPCAP04840A;TOP;CHSHWPCB00240F_A9_TOP;1
CH_CPCAP10009A;TOP;CHSHWPCB00240F_A9_TOP;1
CH_CPCAP10018A;TOP;CHSHWPCB00240F_A9_TOP;1
CH_CPCAP10089A;TOP;CHSHWPCB00240F_A9_TOP;2
CH_CPCAP10095A;TOP;CHSHWPCB00240F_A9_TOP;2
CH_CPCAP10445A;TOP;CHSHWPCB00240F_A9_TOP;12
CH_CPCAP10477A;TOP;CHSHWPCB00240F_A9_TOP;1
CH_CPCAP10487A;TOP;CHSHWPCB00240F_A9_TOP;2
CH_CPCAP10555A;TOP;CHSHWPCB00240F_A9_TOP;9
CH_CPCAP10563A;TOP;CHSHWPCB00240F_A9_TOP;1
CH_CPCAP10618A;TOP;CHSHWPCB00240F_A9_TOP;1
CH_CPCAP10648A;TOP;CHSHWPCB00240F_A9_TOP;2
CH_CPCAP10674A;TOP;CHSHWPCB00240F_A9_TOP;2
CH_CPCAP10853A;TOP;CHSHWPCB00240F_A9_TOP;3
CH_CPCAP10854A;TOP;CHSHWPCB00240F_A9_TOP;2
CH_CPCAP10857A;TOP;CHSHWPCB00240F_A9_TOP;1
CH_CPCAP10858A;TOP;CHSHWPCB00240F_A9_TOP;2
CH_CPCAP10865A;TOP;CHSHWPCB00240F_A9_TOP;5
CH_CPCAP10869A;TOP;CHSHWPCB00240F_A9_TOP;6
CH_CPCAP10877A;TOP;CHSHWPCB00240F_A9_TOP;5
CH_CPCAP11038A;TOP;CHSHWPCB00240F_A9_TOP;1
CH_CPCAP11040A;TOP;CHSHWPCB00240F_A9_TOP;1
CH_CPCAP11122A;TOP;CHSHWPCB00240F_A9_TOP;1
CH_CPCAP11216A;TOP;CHSHWPCB00240F_A9_TOP;1
CH_CPCAP11218A;TOP;CHSHWPCB00240F_A9_TOP;1
CH_CPCON02296A;TOP;CHSHWPCB00240F_A9_TOP;1
CH_CPCON02392A;TOP;CHSHWPCB00240F_A9_TOP;1
CH_CPDIO00398A;TOP;CHSHWPCB00240F_A9_TOP;1
CH_CPDIO00493A;TOP;CHSHWPCB00240F_A9_TOP;1
CH_CPDIO00637A;TOP;CHSHWPCB00240F_A9_TOP;1
CH_CPFER00027A;TOP;CHSHWPCB00240F_A9_TOP;2
CH_CPFER00542A;TOP;CHSHWPCB00240F_A9_TOP;2
CH_CPFER00546A;TOP;CHSHWPCB00240F_A9_TOP;2
CH_CPFLT00043A;TOP;CHSHWPCB00240F_A9_TOP;4
CH_CPICS01690A;TOP;CHSHWPCB00240F_A9_TOP;1
CH_CPICS01995A;TOP;CHSHWPCB00240F_A9_TOP;1
CH_CPICS02158A;TOP;CHSHWPCB00240F_A9_TOP;1
CH_CPICS03372A;TOP;CHSHWPCB00240F_A9_TOP;1
CH_CPICS03401A;TOP;CHSHWPCB00240F_A9_TOP;1
CH_CPICS03523A;TOP;CHSHWPCB00240F_A9_TOP;1
CH_CPICS03533A;TOP;CHSHWPCB00240F_A9_TOP;1
CH_CPICS03635A;TOP;CHSHWPCB00240F_A9_TOP;1
CH_CPIND00335A;TOP;CHSHWPCB00240F_A9_TOP;4
CH_CPIND00336A;TOP;CHSHWPCB00240F_A9_TOP;2
CH_CPIND00337A;TOP;CHSHWPCB00240F_A9_TOP;2
CH_CPIND00341A;TOP;CHSHWPCB00240F_A9_TOP;2
CH_CPIND00344A;TOP;CHSHWPCB00240F_A9_TOP;2
CH_CPIND00488A;TOP;CHSHWPCB00240F_A9_TOP;2
CH_CPIND00489A;TOP;CHSHWPCB00240F_A9_TOP;1
CH_CPIND00490A;TOP;CHSHWPCB00240F_A9_TOP;4
CH_CPIND00603A;TOP;CHSHWPCB00240F_A9_TOP;6
CH_CPIND01241A;TOP;CHSHWPCB00240F_A9_TOP;1
CH_CPIND01262A;TOP;CHSHWPCB00240F_A9_TOP;1
CH_CPIND01491A;TOP;CHSHWPCB00240F_A9_TOP;1
CH_CPIND01506A;TOP;CHSHWPCB00240F_A9_TOP;5
CH_CPIND01650A;TOP;CHSHWPCB00240F_A9_TOP;2
CH_CPIND01967A;TOP;CHSHWPCB00240F_A9_TOP;4
CH_CPIND01968A;TOP;CHSHWPCB00240F_A9_TOP;2
CH_CPPRO00151A;TOP;CHSHWPCB00240F_A9_TOP;2
CH_CPPRO00153A;TOP;CHSHWPCB00240F_A9_TOP;2
CH_CPRES05759A;TOP;CHSHWPCB00240F_A9_TOP;6
CH_CPRES05763A;TOP;CHSHWPCB00240F_A9_TOP;5
CH_CPRES05766A;TOP;CHSHWPCB00240F_A9_TOP;1
CH_CPRES14255A;TOP;CHSHWPCB00240F_A9_TOP;2
CH_CPRES14483A;TOP;CHSHWPCB00240F_A9_TOP;1
CH_CPRES15218A;TOP;CHSHWPCB00240F_A9_TOP;1
CH_CPRES15393A;TOP;CHSHWPCB00240F_A9_TOP;1
CH_CPRES15556A;TOP;CHSHWPCB00240F_A9_TOP;1
CH_CPRES15768A;TOP;CHSHWPCB00240F_A9_TOP;2
CH_CPRES15996A;TOP;CHSHWPCB00240F_A9_TOP;1
CH_CPRES16035A;TOP;CHSHWPCB00240F_A9_TOP;1
CH_CPRES16037A;TOP;CHSHWPCB00240F_A9_TOP;1
CH_CPRES16140A;TOP;CHSHWPCB00240F_A9_TOP;1
CH_CPRES16180A;TOP;CHSHWPCB00240F_A9_TOP;1
CH_CPRES16213A;TOP;CHSHWPCB00240F_A9_TOP;1
CH_CPRES16296A;TOP;CHSHWPCB00240F_A9_TOP;12
CH_CPRES16308A;TOP;CHSHWPCB00240F_A9_TOP;3
CH_CPRES16387A;TOP;CHSHWPCB00240F_A9_TOP;1
CH_CPRES16404A;TOP;CHSHWPCB00240F_A9_TOP;2
CH_CPSHI00110A;TOP;CHSHWPCB00240F_A9_TOP;1
CH_CPTRT00262A;TOP;CHSHWPCB00240F_A9_TOP;1
CH_CPTRT00353A;TOP;CHSHWPCB00240F_A9_TOP;1
CH_CPXTA00112A;TOP;CHSHWPCB00240F_A9_TOP;1
CHS00240F_AP;TOP;CHSHWPCB00240F_A9_TOP;1
CLA_074419900;TOP;CHSHWPCB00240F_A9_TOP;1
CH_CPCAP03586A;BOT;CHSHWPCB00245A_A9_BOT;8
CH_CPCAP03597A;BOT;CHSHWPCB00245A_A9_BOT;3
CH_CPCAP04038A;BOT;CHSHWPCB00245A_A9_BOT;14
CH_CPCAP10018A;BOT;CHSHWPCB00245A_A9_BOT;4
CH_CPCAP10024A;BOT;CHSHWPCB00245A_A9_BOT;1
CH_CPCAP10089A;BOT;CHSHWPCB00245A_A9_BOT;1
CH_CPCAP10445A;BOT;CHSHWPCB00245A_A9_BOT;34
CH_CPCAP10477A;BOT;CHSHWPCB00245A_A9_BOT;4
CH_CPCAP10487A;BOT;CHSHWPCB00245A_A9_BOT;3
CH_CPCAP10563A;BOT;CHSHWPCB00245A_A9_BOT;1
CH_CPCAP10853A;BOT;CHSHWPCB00245A_A9_BOT;2
CH_CPCAP10865A;BOT;CHSHWPCB00245A_A9_BOT;2
CH_CPCAP10877A;BOT;CHSHWPCB00245A_A9_BOT;3
CH_CPFER00546A;BOT;CHSHWPCB00245A_A9_BOT;3
CH_CPICS03533A;BOT;CHSHWPCB00245A_A9_BOT;1
CH_CPICS03627A;BOT;CHSHWPCB00245A_A9_BOT;1
CH_CPRES05759A;BOT;CHSHWPCB00245A_A9_BOT;3
CH_CPRES05763A;BOT;CHSHWPCB00245A_A9_BOT;17
CH_CPRES11592A;BOT;CHSHWPCB00245A_A9_BOT;7
CH_CPRES11924A;BOT;CHSHWPCB00245A_A9_BOT;1
CH_CPRES15549A;BOT;CHSHWPCB00245A_A9_BOT;1
CH_CPRES15917A;BOT;CHSHWPCB00245A_A9_BOT;4
CH_CPRES16031A;BOT;CHSHWPCB00245A_A9_BOT;1
CH_CPRES16340A;BOT;CHSHWPCB00245A_A9_BOT;2
CH_CPRES16380A;BOT;CHSHWPCB00245A_A9_BOT;1
CH_CPRES16404A;BOT;CHSHWPCB00245A_A9_BOT;1
CH_CPXTA00132A;BOT;CHSHWPCB00245A_A9_BOT;1
CH_CPCAP02201A;TOP;CHSHWPCB00245A_A9_TOP;5
CH_CPCAP02204A;TOP;CHSHWPCB00245A_A9_TOP;1
CH_CPCAP02854A;TOP;CHSHWPCB00245A_A9_TOP;11
CH_CPCAP04082A;TOP;CHSHWPCB00245A_A9_TOP;4
CH_CPCAP04084A;TOP;CHSHWPCB00245A_A9_TOP;4
CH_CPCAP04149A;TOP;CHSHWPCB00245A_A9_TOP;4
CH_CPCAP04823A;TOP;CHSHWPCB00245A_A9_TOP;1
CH_CPCAP04837A;TOP;CHSHWPCB00245A_A9_TOP;6
CH_CPCAP04838A;TOP;CHSHWPCB00245A_A9_TOP;2
CH_CPCAP10009A;TOP;CHSHWPCB00245A_A9_TOP;1
CH_CPCAP10445A;TOP;CHSHWPCB00245A_A9_TOP;8
CH_CPCAP10475A;TOP;CHSHWPCB00245A_A9_TOP;2
CH_CPCAP10487A;TOP;CHSHWPCB00245A_A9_TOP;2
CH_CPCAP10648A;TOP;CHSHWPCB00245A_A9_TOP;2
CH_CPCAP10674A;TOP;CHSHWPCB00245A_A9_TOP;2
CH_CPCAP10853A;TOP;CHSHWPCB00245A_A9_TOP;2
CH_CPCAP10854A;TOP;CHSHWPCB00245A_A9_TOP;2
CH_CPCAP10857A;TOP;CHSHWPCB00245A_A9_TOP;1
CH_CPCAP10865A;TOP;CHSHWPCB00245A_A9_TOP;4
CH_CPCAP10877A;TOP;CHSHWPCB00245A_A9_TOP;12
CH_CPCAP11038A;TOP;CHSHWPCB00245A_A9_TOP;1
CH_CPCAP11040A;TOP;CHSHWPCB00245A_A9_TOP;1
CH_CPCAP11122A;TOP;CHSHWPCB00245A_A9_TOP;1
CH_CPCAP11216A;TOP;CHSHWPCB00245A_A9_TOP;2
CH_CPCAP11486A;TOP;CHSHWPCB00245A_A9_TOP;2
CH_CPCON02296A;TOP;CHSHWPCB00245A_A9_TOP;1
CH_CPCON02385A;TOP;CHSHWPCB00245A_A9_TOP;1
CH_CPCON02392A;TOP;CHSHWPCB00245A_A9_TOP;1
CH_CPDIO00398A;TOP;CHSHWPCB00245A_A9_TOP;1
CH_CPDIO00441A;TOP;CHSHWPCB00245A_A9_TOP;1
CH_CPDIO00597A;TOP;CHSHWPCB00245A_A9_TOP;1
CH_CPFER00017A;TOP;CHSHWPCB00245A_A9_TOP;2
CH_CPFER00027A;TOP;CHSHWPCB00245A_A9_TOP;2
CH_CPFER00054A;TOP;CHSHWPCB00245A_A9_TOP;4
CH_CPFER00070A;TOP;CHSHWPCB00245A_A9_TOP;1
CH_CPFER00542A;TOP;CHSHWPCB00245A_A9_TOP;2
CH_CPICS03142A;TOP;CHSHWPCB00245A_A9_TOP;1
CH_CPICS03372A;TOP;CHSHWPCB00245A_A9_TOP;1
CH_CPICS03523A;TOP;CHSHWPCB00245A_A9_TOP;1
CH_CPICS03567A;TOP;CHSHWPCB00245A_A9_TOP;1
CH_CPICS03625A;TOP;CHSHWPCB00245A_A9_TOP;1
CH_CPICS03626A;TOP;CHSHWPCB00245A_A9_TOP;1
CH_CPICS03635A;TOP;CHSHWPCB00245A_A9_TOP;1
CH_CPIND01241A;TOP;CHSHWPCB00245A_A9_TOP;1
CH_CPIND01262A;TOP;CHSHWPCB00245A_A9_TOP;1
CH_CPIND01491A;TOP;CHSHWPCB00245A_A9_TOP;1
CH_CPIND01506A;TOP;CHSHWPCB00245A_A9_TOP;3
CH_CPIND01650A;TOP;CHSHWPCB00245A_A9_TOP;2
CH_CPIND01967A;TOP;CHSHWPCB00245A_A9_TOP;4
CH_CPIND01968A;TOP;CHSHWPCB00245A_A9_TOP;2
CH_CPIND02262A;TOP;CHSHWPCB00245A_A9_TOP;4
CH_CPIND02263A;TOP;CHSHWPCB00245A_A9_TOP;4
CH_CPIND02264A;TOP;CHSHWPCB00245A_A9_TOP;2
CH_CPIND02265A;TOP;CHSHWPCB00245A_A9_TOP;4
CH_CPIND02266A;TOP;CHSHWPCB00245A_A9_TOP;4
CH_CPIND02267A;TOP;CHSHWPCB00245A_A9_TOP;2
CH_CPPRO00034A;TOP;CHSHWPCB00245A_A9_TOP;2
CH_CPPRO00144A;TOP;CHSHWPCB00245A_A9_TOP;1
CH_CPRES00098A;TOP;CHSHWPCB00245A_A9_TOP;1
CH_CPRES05759A;TOP;CHSHWPCB00245A_A9_TOP;4
CH_CPRES05763A;TOP;CHSHWPCB00245A_A9_TOP;19
CH_CPRES05766A;TOP;CHSHWPCB00245A_A9_TOP;2
CH_CPRES11592A;TOP;CHSHWPCB00245A_A9_TOP;13
CH_CPRES14483A;TOP;CHSHWPCB00245A_A9_TOP;1
CH_CPRES15086A;TOP;CHSHWPCB00245A_A9_TOP;2
CH_CPRES15218A;TOP;CHSHWPCB00245A_A9_TOP;1
CH_CPRES15556A;TOP;CHSHWPCB00245A_A9_TOP;1
CH_CPRES15557A;TOP;CHSHWPCB00245A_A9_TOP;1
CH_CPRES16035A;TOP;CHSHWPCB00245A_A9_TOP;1
CH_CPRES16037A;TOP;CHSHWPCB00245A_A9_TOP;1
CH_CPRES16140A;TOP;CHSHWPCB00245A_A9_TOP;1
CH_CPRES16180A;TOP;CHSHWPCB00245A_A9_TOP;1
CH_CPRES16296A;TOP;CHSHWPCB00245A_A9_TOP;7
CH_CPRES16308A;TOP;CHSHWPCB00245A_A9_TOP;2
CH_CPRES16340A;TOP;CHSHWPCB00245A_A9_TOP;2
CH_CPRES16380A;TOP;CHSHWPCB00245A_A9_TOP;1
CH_CPRES16387A;TOP;CHSHWPCB00245A_A9_TOP;1
CH_CPTRT00278A;TOP;CHSHWPCB00245A_A9_TOP;1
CH_CPTRT00312A;TOP;CHSHWPCB00245A_A9_TOP;1
CH_CPTRT00654A;TOP;CHSHWPCB00245A_A9_TOP;1
CH_CPCAP02201A;BOT;CHSHWPCB00250D_A9_BOT;2
CH_CPCAP02845A;BOT;CHSHWPCB00250D_A9_BOT;5
CH_CPCAP02848A;BOT;CHSHWPCB00250D_A9_BOT;4
CH_CPCAP02854A;BOT;CHSHWPCB00250D_A9_BOT;1
CH_CPCAP03597A;BOT;CHSHWPCB00250D_A9_BOT;2
CH_CPCAP10018A;BOT;CHSHWPCB00250D_A9_BOT;9
CH_CPCAP10445A;BOT;CHSHWPCB00250D_A9_BOT;58
CH_CPCAP10455A;BOT;CHSHWPCB00250D_A9_BOT;9
CH_CPCAP10487A;BOT;CHSHWPCB00250D_A9_BOT;3
CH_CPCAP10549A;BOT;CHSHWPCB00250D_A9_BOT;4
CH_CPCAP10555A;BOT;CHSHWPCB00250D_A9_BOT;3
CH_CPCAP10563A;BOT;CHSHWPCB00250D_A9_BOT;1
CH_CPCAP10865A;BOT;CHSHWPCB00250D_A9_BOT;1
CH_CPCAP10869A;BOT;CHSHWPCB00250D_A9_BOT;2
CH_CPDIO00598A;BOT;CHSHWPCB00250D_A9_BOT;2
CH_CPFER00017A;BOT;CHSHWPCB00250D_A9_BOT;2
CH_CPFER00040A;BOT;CHSHWPCB00250D_A9_BOT;3
CH_CPFER00546A;BOT;CHSHWPCB00250D_A9_BOT;2
CH_CPIND00344A;BOT;CHSHWPCB00250D_A9_BOT;6
CH_CPRES05759A;BOT;CHSHWPCB00250D_A9_BOT;3
CH_CPRES05762A;BOT;CHSHWPCB00250D_A9_BOT;2
CH_CPRES05763A;BOT;CHSHWPCB00250D_A9_BOT;25
CH_CPRES05766A;BOT;CHSHWPCB00250D_A9_BOT;7
CH_CPRES15549A;BOT;CHSHWPCB00250D_A9_BOT;1
CH_CPRES15821A;BOT;CHSHWPCB00250D_A9_BOT;3
CH_CPRES15844A;BOT;CHSHWPCB00250D_A9_BOT;2
CH_CPRES15935A;BOT;CHSHWPCB00250D_A9_BOT;1
CH_CPRES15993A;BOT;CHSHWPCB00250D_A9_BOT;1
CH_CPRES16308A;BOT;CHSHWPCB00250D_A9_BOT;1
CH_CPRES16340A;BOT;CHSHWPCB00250D_A9_BOT;2
CH_CPRES16380A;BOT;CHSHWPCB00250D_A9_BOT;1
CH_CPTRT00322A;BOT;CHSHWPCB00250D_A9_BOT;1
CH_CPCAP02201A;TOP;CHSHWPCB00250D_A9_TOP;3
CH_CPCAP02204A;TOP;CHSHWPCB00250D_A9_TOP;1
CH_CPCAP02848A;TOP;CHSHWPCB00250D_A9_TOP;1
CH_CPCAP02854A;TOP;CHSHWPCB00250D_A9_TOP;10
CH_CPCAP03597A;TOP;CHSHWPCB00250D_A9_TOP;6
CH_CPCAP04255A;TOP;CHSHWPCB00250D_A9_TOP;4
CH_CPCAP04512A;TOP;CHSHWPCB00250D_A9_TOP;4
CH_CPCAP04823A;TOP;CHSHWPCB00250D_A9_TOP;1
CH_CPCAP10009A;TOP;CHSHWPCB00250D_A9_TOP;1
CH_CPCAP10018A;TOP;CHSHWPCB00250D_A9_TOP;1
CH_CPCAP10089A;TOP;CHSHWPCB00250D_A9_TOP;2
CH_CPCAP10095A;TOP;CHSHWPCB00250D_A9_TOP;2
CH_CPCAP10445A;TOP;CHSHWPCB00250D_A9_TOP;6
CH_CPCAP10477A;TOP;CHSHWPCB00250D_A9_TOP;1
CH_CPCAP10487A;TOP;CHSHWPCB00250D_A9_TOP;2
CH_CPCAP10555A;TOP;CHSHWPCB00250D_A9_TOP;9
CH_CPCAP10563A;TOP;CHSHWPCB00250D_A9_TOP;1
CH_CPCAP10618A;TOP;CHSHWPCB00250D_A9_TOP;1
CH_CPCAP10648A;TOP;CHSHWPCB00250D_A9_TOP;2
CH_CPCAP10674A;TOP;CHSHWPCB00250D_A9_TOP;2
CH_CPCAP10853A;TOP;CHSHWPCB00250D_A9_TOP;3
CH_CPCAP10854A;TOP;CHSHWPCB00250D_A9_TOP;2
CH_CPCAP10857A;TOP;CHSHWPCB00250D_A9_TOP;1
CH_CPCAP10858A;TOP;CHSHWPCB00250D_A9_TOP;2
CH_CPCAP10865A;TOP;CHSHWPCB00250D_A9_TOP;4
CH_CPCAP10869A;TOP;CHSHWPCB00250D_A9_TOP;6
CH_CPCAP10877A;TOP;CHSHWPCB00250D_A9_TOP;2
CH_CPCAP11038A;TOP;CHSHWPCB00250D_A9_TOP;1
CH_CPCAP11040A;TOP;CHSHWPCB00250D_A9_TOP;1
CH_CPCAP11122A;TOP;CHSHWPCB00250D_A9_TOP;1
CH_CPCAP11216A;TOP;CHSHWPCB00250D_A9_TOP;1
CH_CPCON02296A;TOP;CHSHWPCB00250D_A9_TOP;1
CH_CPCON02385A;TOP;CHSHWPCB00250D_A9_TOP;1
CH_CPCON02392A;TOP;CHSHWPCB00250D_A9_TOP;1
CH_CPDIO00398A;TOP;CHSHWPCB00250D_A9_TOP;1
CH_CPDIO00441A;TOP;CHSHWPCB00250D_A9_TOP;1
CH_CPDIO00597A;TOP;CHSHWPCB00250D_A9_TOP;1
CH_CPFER00027A;TOP;CHSHWPCB00250D_A9_TOP;2
CH_CPFER00542A;TOP;CHSHWPCB00250D_A9_TOP;2
CH_CPFER00546A;TOP;CHSHWPCB00250D_A9_TOP;2
CH_CPFLT00043A;TOP;CHSHWPCB00250D_A9_TOP;2
CH_CPICS01995A;TOP;CHSHWPCB00250D_A9_TOP;1
CH_CPICS02158A;TOP;CHSHWPCB00250D_A9_TOP;1
CH_CPICS02591A;TOP;CHSHWPCB00250D_A9_TOP;1
CH_CPICS03372A;TOP;CHSHWPCB00250D_A9_TOP;1
CH_CPICS03401A;TOP;CHSHWPCB00250D_A9_TOP;1
CH_CPICS03523A;TOP;CHSHWPCB00250D_A9_TOP;1
CH_CPICS03533A;TOP;CHSHWPCB00250D_A9_TOP;1
CH_CPICS03635A;TOP;CHSHWPCB00250D_A9_TOP;1
CH_CPIND00335A;TOP;CHSHWPCB00250D_A9_TOP;2
CH_CPIND00336A;TOP;CHSHWPCB00250D_A9_TOP;2
CH_CPIND00337A;TOP;CHSHWPCB00250D_A9_TOP;2
CH_CPIND00341A;TOP;CHSHWPCB00250D_A9_TOP;2
CH_CPIND00344A;TOP;CHSHWPCB00250D_A9_TOP;2
CH_CPIND00488A;TOP;CHSHWPCB00250D_A9_TOP;2
CH_CPIND00490A;TOP;CHSHWPCB00250D_A9_TOP;4
CH_CPIND01241A;TOP;CHSHWPCB00250D_A9_TOP;1
CH_CPIND01262A;TOP;CHSHWPCB00250D_A9_TOP;1
CH_CPIND01491A;TOP;CHSHWPCB00250D_A9_TOP;1
CH_CPIND01506A;TOP;CHSHWPCB00250D_A9_TOP;5
CH_CPIND01650A;TOP;CHSHWPCB00250D_A9_TOP;2
CH_CPPRO00034A;TOP;CHSHWPCB00250D_A9_TOP;2
CH_CPPRO00144A;TOP;CHSHWPCB00250D_A9_TOP;1
CH_CPRES05759A;TOP;CHSHWPCB00250D_A9_TOP;4
CH_CPRES05763A;TOP;CHSHWPCB00250D_A9_TOP;5
CH_CPRES05766A;TOP;CHSHWPCB00250D_A9_TOP;1
CH_CPRES14255A;TOP;CHSHWPCB00250D_A9_TOP;2
CH_CPRES14483A;TOP;CHSHWPCB00250D_A9_TOP;1
CH_CPRES15218A;TOP;CHSHWPCB00250D_A9_TOP;1
CH_CPRES15393A;TOP;CHSHWPCB00250D_A9_TOP;1
CH_CPRES15556A;TOP;CHSHWPCB00250D_A9_TOP;1
CH_CPRES15768A;TOP;CHSHWPCB00250D_A9_TOP;2
CH_CPRES15996A;TOP;CHSHWPCB00250D_A9_TOP;1
CH_CPRES16035A;TOP;CHSHWPCB00250D_A9_TOP;1
CH_CPRES16037A;TOP;CHSHWPCB00250D_A9_TOP;1
CH_CPRES16140A;TOP;CHSHWPCB00250D_A9_TOP;1
CH_CPRES16180A;TOP;CHSHWPCB00250D_A9_TOP;1
CH_CPRES16213A;TOP;CHSHWPCB00250D_A9_TOP;1
CH_CPRES16296A;TOP;CHSHWPCB00250D_A9_TOP;12
CH_CPRES16308A;TOP;CHSHWPCB00250D_A9_TOP;3
CH_CPRES16387A;TOP;CHSHWPCB00250D_A9_TOP;1
CH_CPRES16404A;TOP;CHSHWPCB00250D_A9_TOP;1
CH_CPTRT00278A;TOP;CHSHWPCB00250D_A9_TOP;1
CH_CPTRT00312A;TOP;CHSHWPCB00250D_A9_TOP;1
CH_CPXTA00112A;TOP;CHSHWPCB00250D_A9_TOP;1
CH_CPCAP02201A;BOT;CHSHWPCB00250F_A9_BOT;2
CH_CPCAP02845A;BOT;CHSHWPCB00250F_A9_BOT;5
CH_CPCAP02848A;BOT;CHSHWPCB00250F_A9_BOT;4
CH_CPCAP02854A;BOT;CHSHWPCB00250F_A9_BOT;1
CH_CPCAP03597A;BOT;CHSHWPCB00250F_A9_BOT;2
CH_CPCAP10018A;BOT;CHSHWPCB00250F_A9_BOT;9
CH_CPCAP10445A;BOT;CHSHWPCB00250F_A9_BOT;58
CH_CPCAP10455A;BOT;CHSHWPCB00250F_A9_BOT;9
CH_CPCAP10487A;BOT;CHSHWPCB00250F_A9_BOT;3
CH_CPCAP10549A;BOT;CHSHWPCB00250F_A9_BOT;4
CH_CPCAP10555A;BOT;CHSHWPCB00250F_A9_BOT;3
CH_CPCAP10563A;BOT;CHSHWPCB00250F_A9_BOT;1
CH_CPCAP10865A;BOT;CHSHWPCB00250F_A9_BOT;1
CH_CPCAP10869A;BOT;CHSHWPCB00250F_A9_BOT;2
CH_CPFER00017A;BOT;CHSHWPCB00250F_A9_BOT;2
CH_CPFER00040A;BOT;CHSHWPCB00250F_A9_BOT;3
CH_CPFER00546A;BOT;CHSHWPCB00250F_A9_BOT;2
CH_CPIND00344A;BOT;CHSHWPCB00250F_A9_BOT;6
CH_CPRES05759A;BOT;CHSHWPCB00250F_A9_BOT;3
CH_CPRES05762A;BOT;CHSHWPCB00250F_A9_BOT;2
CH_CPRES05763A;BOT;CHSHWPCB00250F_A9_BOT;24
CH_CPRES05766A;BOT;CHSHWPCB00250F_A9_BOT;7
CH_CPRES15549A;BOT;CHSHWPCB00250F_A9_BOT;1
CH_CPRES15821A;BOT;CHSHWPCB00250F_A9_BOT;3
CH_CPRES15844A;BOT;CHSHWPCB00250F_A9_BOT;2
CH_CPRES15935A;BOT;CHSHWPCB00250F_A9_BOT;1
CH_CPRES15993A;BOT;CHSHWPCB00250F_A9_BOT;1
CH_CPRES16308A;BOT;CHSHWPCB00250F_A9_BOT;1
CH_CPRES16340A;BOT;CHSHWPCB00250F_A9_BOT;2
CH_CPRES16380A;BOT;CHSHWPCB00250F_A9_BOT;1
CH_CPCAP02201A;TOP;CHSHWPCB00250F_A9_TOP;3
CH_CPCAP02204A;TOP;CHSHWPCB00250F_A9_TOP;1
CH_CPCAP02848A;TOP;CHSHWPCB00250F_A9_TOP;1
CH_CPCAP02854A;TOP;CHSHWPCB00250F_A9_TOP;10
CH_CPCAP03597A;TOP;CHSHWPCB00250F_A9_TOP;6
CH_CPCAP04255A;TOP;CHSHWPCB00250F_A9_TOP;4
CH_CPCAP04512A;TOP;CHSHWPCB00250F_A9_TOP;4
CH_CPCAP04823A;TOP;CHSHWPCB00250F_A9_TOP;1
CH_CPCAP10009A;TOP;CHSHWPCB00250F_A9_TOP;1
CH_CPCAP10018A;TOP;CHSHWPCB00250F_A9_TOP;1
CH_CPCAP10089A;TOP;CHSHWPCB00250F_A9_TOP;2
CH_CPCAP10095A;TOP;CHSHWPCB00250F_A9_TOP;2
CH_CPCAP10445A;TOP;CHSHWPCB00250F_A9_TOP;6
CH_CPCAP10477A;TOP;CHSHWPCB00250F_A9_TOP;1
CH_CPCAP10487A;TOP;CHSHWPCB00250F_A9_TOP;2
CH_CPCAP10555A;TOP;CHSHWPCB00250F_A9_TOP;9
CH_CPCAP10563A;TOP;CHSHWPCB00250F_A9_TOP;1
CH_CPCAP10618A;TOP;CHSHWPCB00250F_A9_TOP;1
CH_CPCAP10648A;TOP;CHSHWPCB00250F_A9_TOP;2
CH_CPCAP10674A;TOP;CHSHWPCB00250F_A9_TOP;2
CH_CPCAP10853A;TOP;CHSHWPCB00250F_A9_TOP;3
CH_CPCAP10854A;TOP;CHSHWPCB00250F_A9_TOP;2
CH_CPCAP10857A;TOP;CHSHWPCB00250F_A9_TOP;1
CH_CPCAP10858A;TOP;CHSHWPCB00250F_A9_TOP;2
CH_CPCAP10865A;TOP;CHSHWPCB00250F_A9_TOP;4
CH_CPCAP10869A;TOP;CHSHWPCB00250F_A9_TOP;6
CH_CPCAP10877A;TOP;CHSHWPCB00250F_A9_TOP;2
CH_CPCAP11038A;TOP;CHSHWPCB00250F_A9_TOP;1
CH_CPCAP11040A;TOP;CHSHWPCB00250F_A9_TOP;1
CH_CPCAP11122A;TOP;CHSHWPCB00250F_A9_TOP;1
CH_CPCAP11216A;TOP;CHSHWPCB00250F_A9_TOP;1
CH_CPCAP11218A;TOP;CHSHWPCB00250F_A9_TOP;1
CH_CPCON02296A;TOP;CHSHWPCB00250F_A9_TOP;1
CH_CPCON02392A;TOP;CHSHWPCB00250F_A9_TOP;1
CH_CPDIO00398A;TOP;CHSHWPCB00250F_A9_TOP;1
CH_CPDIO00493A;TOP;CHSHWPCB00250F_A9_TOP;1
CH_CPDIO00637A;TOP;CHSHWPCB00250F_A9_TOP;1
CH_CPFER00027A;TOP;CHSHWPCB00250F_A9_TOP;2
CH_CPFER00542A;TOP;CHSHWPCB00250F_A9_TOP;2
CH_CPFER00546A;TOP;CHSHWPCB00250F_A9_TOP;2
CH_CPFLT00043A;TOP;CHSHWPCB00250F_A9_TOP;2
CH_CPICS01995A;TOP;CHSHWPCB00250F_A9_TOP;1
CH_CPICS02158A;TOP;CHSHWPCB00250F_A9_TOP;1
CH_CPICS03372A;TOP;CHSHWPCB00250F_A9_TOP;1
CH_CPICS03401A;TOP;CHSHWPCB00250F_A9_TOP;1
CH_CPICS03523A;TOP;CHSHWPCB00250F_A9_TOP;1
CH_CPICS03533A;TOP;CHSHWPCB00250F_A9_TOP;1
CH_CPICS03635A;TOP;CHSHWPCB00250F_A9_TOP;1
CH_CPIND00335A;TOP;CHSHWPCB00250F_A9_TOP;2
CH_CPIND00336A;TOP;CHSHWPCB00250F_A9_TOP;2
CH_CPIND00337A;TOP;CHSHWPCB00250F_A9_TOP;2
CH_CPIND00341A;TOP;CHSHWPCB00250F_A9_TOP;2
CH_CPIND00344A;TOP;CHSHWPCB00250F_A9_TOP;2
CH_CPIND00488A;TOP;CHSHWPCB00250F_A9_TOP;2
CH_CPIND00490A;TOP;CHSHWPCB00250F_A9_TOP;4
CH_CPIND01241A;TOP;CHSHWPCB00250F_A9_TOP;1
CH_CPIND01262A;TOP;CHSHWPCB00250F_A9_TOP;1
CH_CPIND01491A;TOP;CHSHWPCB00250F_A9_TOP;1
CH_CPIND01506A;TOP;CHSHWPCB00250F_A9_TOP;5
CH_CPIND01650A;TOP;CHSHWPCB00250F_A9_TOP;2
CH_CPPRO00151A;TOP;CHSHWPCB00250F_A9_TOP;2
CH_CPPRO00153A;TOP;CHSHWPCB00250F_A9_TOP;2
CH_CPRES05759A;TOP;CHSHWPCB00250F_A9_TOP;4
CH_CPRES05763A;TOP;CHSHWPCB00250F_A9_TOP;5
CH_CPRES05766A;TOP;CHSHWPCB00250F_A9_TOP;1
CH_CPRES14255A;TOP;CHSHWPCB00250F_A9_TOP;2
CH_CPRES14483A;TOP;CHSHWPCB00250F_A9_TOP;1
CH_CPRES15218A;TOP;CHSHWPCB00250F_A9_TOP;1
CH_CPRES15393A;TOP;CHSHWPCB00250F_A9_TOP;1
CH_CPRES15556A;TOP;CHSHWPCB00250F_A9_TOP;1
CH_CPRES15768A;TOP;CHSHWPCB00250F_A9_TOP;2
CH_CPRES15996A;TOP;CHSHWPCB00250F_A9_TOP;1
CH_CPRES16035A;TOP;CHSHWPCB00250F_A9_TOP;1
CH_CPRES16037A;TOP;CHSHWPCB00250F_A9_TOP;1
CH_CPRES16140A;TOP;CHSHWPCB00250F_A9_TOP;1
CH_CPRES16180A;TOP;CHSHWPCB00250F_A9_TOP;1
CH_CPRES16213A;TOP;CHSHWPCB00250F_A9_TOP;1
CH_CPRES16296A;TOP;CHSHWPCB00250F_A9_TOP;12
CH_CPRES16308A;TOP;CHSHWPCB00250F_A9_TOP;3
CH_CPRES16387A;TOP;CHSHWPCB00250F_A9_TOP;1
CH_CPRES16404A;TOP;CHSHWPCB00250F_A9_TOP;1
CH_CPSHI00110A;TOP;CHSHWPCB00250F_A9_TOP;1
CH_CPTRT00262A;TOP;CHSHWPCB00250F_A9_TOP;1
CH_CPTRT00353A;TOP;CHSHWPCB00250F_A9_TOP;1
CH_CPXTA00112A;TOP;CHSHWPCB00250F_A9_TOP;1
CHS00240F_AP;TOP;CHSHWPCB00250F_A9_TOP;1
CLA_074419900;TOP;CHSHWPCB00250F_A9_TOP;1
CH_CPCAP02201A;BOT;CHSHWPCB00289D_A9_BOT;2
CH_CPCAP02845A;BOT;CHSHWPCB00289D_A9_BOT;5
CH_CPCAP02848A;BOT;CHSHWPCB00289D_A9_BOT;4
CH_CPCAP02854A;BOT;CHSHWPCB00289D_A9_BOT;2
CH_CPCAP03597A;BOT;CHSHWPCB00289D_A9_BOT;6
CH_CPCAP04255A;BOT;CHSHWPCB00289D_A9_BOT;4
CH_CPCAP04512A;BOT;CHSHWPCB00289D_A9_BOT;4
CH_CPCAP10018A;BOT;CHSHWPCB00289D_A9_BOT;10
CH_CPCAP10095A;BOT;CHSHWPCB00289D_A9_BOT;2
CH_CPCAP10445A;BOT;CHSHWPCB00289D_A9_BOT;60
CH_CPCAP10455A;BOT;CHSHWPCB00289D_A9_BOT;9
CH_CPCAP10487A;BOT;CHSHWPCB00289D_A9_BOT;3
CH_CPCAP10549A;BOT;CHSHWPCB00289D_A9_BOT;4
CH_CPCAP10555A;BOT;CHSHWPCB00289D_A9_BOT;3
CH_CPCAP10563A;BOT;CHSHWPCB00289D_A9_BOT;1
CH_CPCAP10853A;BOT;CHSHWPCB00289D_A9_BOT;3
CH_CPCAP10854A;BOT;CHSHWPCB00289D_A9_BOT;2
CH_CPCAP10865A;BOT;CHSHWPCB00289D_A9_BOT;5
CH_CPCAP10869A;BOT;CHSHWPCB00289D_A9_BOT;2
CH_CPDIO00598A;BOT;CHSHWPCB00289D_A9_BOT;2
CH_CPFER00017A;BOT;CHSHWPCB00289D_A9_BOT;2
CH_CPFER00027A;BOT;CHSHWPCB00289D_A9_BOT;2
CH_CPFER00040A;BOT;CHSHWPCB00289D_A9_BOT;3
CH_CPFER00546A;BOT;CHSHWPCB00289D_A9_BOT;3
CH_CPFLT00043A;BOT;CHSHWPCB00289D_A9_BOT;2
CH_CPIND00335A;BOT;CHSHWPCB00289D_A9_BOT;2
CH_CPIND00336A;BOT;CHSHWPCB00289D_A9_BOT;2
CH_CPIND00337A;BOT;CHSHWPCB00289D_A9_BOT;2
CH_CPIND00341A;BOT;CHSHWPCB00289D_A9_BOT;2
CH_CPIND00344A;BOT;CHSHWPCB00289D_A9_BOT;8
CH_CPIND00488A;BOT;CHSHWPCB00289D_A9_BOT;2
CH_CPIND00490A;BOT;CHSHWPCB00289D_A9_BOT;4
CH_CPPRO00034A;BOT;CHSHWPCB00289D_A9_BOT;2
CH_CPRES05759A;BOT;CHSHWPCB00289D_A9_BOT;2
CH_CPRES05762A;BOT;CHSHWPCB00289D_A9_BOT;2
CH_CPRES05763A;BOT;CHSHWPCB00289D_A9_BOT;22
CH_CPRES05766A;BOT;CHSHWPCB00289D_A9_BOT;7
CH_CPRES15556A;BOT;CHSHWPCB00289D_A9_BOT;1
CH_CPRES15821A;BOT;CHSHWPCB00289D_A9_BOT;3
CH_CPRES15844A;BOT;CHSHWPCB00289D_A9_BOT;2
CH_CPRES15935A;BOT;CHSHWPCB00289D_A9_BOT;1
CH_CPRES15993A;BOT;CHSHWPCB00289D_A9_BOT;1
CH_CPRES16213A;BOT;CHSHWPCB00289D_A9_BOT;1
CH_CPRES16308A;BOT;CHSHWPCB00289D_A9_BOT;6
CH_CPRES16340A;BOT;CHSHWPCB00289D_A9_BOT;2
CH_CPRES16380A;BOT;CHSHWPCB00289D_A9_BOT;1
CH_CPRES16387A;BOT;CHSHWPCB00289D_A9_BOT;1
CH_CPTRT00312A;BOT;CHSHWPCB00289D_A9_BOT;1
CH_CPTRT00322A;BOT;CHSHWPCB00289D_A9_BOT;1
CH_CPCAP02201A;TOP;CHSHWPCB00289D_A9_TOP;4
CH_CPCAP02204A;TOP;CHSHWPCB00289D_A9_TOP;1
CH_CPCAP02848A;TOP;CHSHWPCB00289D_A9_TOP;1
CH_CPCAP02854A;TOP;CHSHWPCB00289D_A9_TOP;11
CH_CPCAP03597A;TOP;CHSHWPCB00289D_A9_TOP;2
CH_CPCAP04823A;TOP;CHSHWPCB00289D_A9_TOP;1
CH_CPCAP10009A;TOP;CHSHWPCB00289D_A9_TOP;1
CH_CPCAP10089A;TOP;CHSHWPCB00289D_A9_TOP;2
CH_CPCAP10445A;TOP;CHSHWPCB00289D_A9_TOP;11
CH_CPCAP10477A;TOP;CHSHWPCB00289D_A9_TOP;1
CH_CPCAP10487A;TOP;CHSHWPCB00289D_A9_TOP;3
CH_CPCAP10555A;TOP;CHSHWPCB00289D_A9_TOP;9
CH_CPCAP10563A;TOP;CHSHWPCB00289D_A9_TOP;1
CH_CPCAP10618A;TOP;CHSHWPCB00289D_A9_TOP;1
CH_CPCAP10648A;TOP;CHSHWPCB00289D_A9_TOP;2
CH_CPCAP10674A;TOP;CHSHWPCB00289D_A9_TOP;4
CH_CPCAP10843A;TOP;CHSHWPCB00289D_A9_TOP;2
CH_CPCAP10853A;TOP;CHSHWPCB00289D_A9_TOP;5
CH_CPCAP10857A;TOP;CHSHWPCB00289D_A9_TOP;1
CH_CPCAP10858A;TOP;CHSHWPCB00289D_A9_TOP;2
CH_CPCAP10865A;TOP;CHSHWPCB00289D_A9_TOP;1
CH_CPCAP10869A;TOP;CHSHWPCB00289D_A9_TOP;6
CH_CPCAP10877A;TOP;CHSHWPCB00289D_A9_TOP;2
CH_CPCAP11038A;TOP;CHSHWPCB00289D_A9_TOP;1
CH_CPCAP11040A;TOP;CHSHWPCB00289D_A9_TOP;1
CH_CPCAP11122A;TOP;CHSHWPCB00289D_A9_TOP;1
CH_CPCAP11216A;TOP;CHSHWPCB00289D_A9_TOP;1
CH_CPCON02296A;TOP;CHSHWPCB00289D_A9_TOP;1
CH_CPCON02324A;TOP;CHSHWPCB00289D_A9_TOP;1
CH_CPCON02385A;TOP;CHSHWPCB00289D_A9_TOP;1
CH_CPCON02392A;TOP;CHSHWPCB00289D_A9_TOP;1
CH_CPDIO00398A;TOP;CHSHWPCB00289D_A9_TOP;1
CH_CPDIO00441A;TOP;CHSHWPCB00289D_A9_TOP;1
CH_CPDIO00597A;TOP;CHSHWPCB00289D_A9_TOP;1
CH_CPFER00542A;TOP;CHSHWPCB00289D_A9_TOP;5
CH_CPFER00546A;TOP;CHSHWPCB00289D_A9_TOP;1
CH_CPICS01995A;TOP;CHSHWPCB00289D_A9_TOP;1
CH_CPICS02158A;TOP;CHSHWPCB00289D_A9_TOP;1
CH_CPICS02547A;TOP;CHSHWPCB00289D_A9_TOP;1
CH_CPICS02591A;TOP;CHSHWPCB00289D_A9_TOP;1
CH_CPICS03372A;TOP;CHSHWPCB00289D_A9_TOP;1
CH_CPICS03401A;TOP;CHSHWPCB00289D_A9_TOP;1
CH_CPICS03419B;TOP;CHSHWPCB00289D_A9_TOP;1
CH_CPICS03523A;TOP;CHSHWPCB00289D_A9_TOP;1
CH_CPICS03533A;TOP;CHSHWPCB00289D_A9_TOP;1
CH_CPICS03635A;TOP;CHSHWPCB00289D_A9_TOP;1
CH_CPIND00342A;TOP;CHSHWPCB00289D_A9_TOP;1
CH_CPIND00577A;TOP;CHSHWPCB00289D_A9_TOP;1
CH_CPIND01241A;TOP;CHSHWPCB00289D_A9_TOP;1
CH_CPIND01262A;TOP;CHSHWPCB00289D_A9_TOP;1
CH_CPIND01491A;TOP;CHSHWPCB00289D_A9_TOP;1
CH_CPIND01506A;TOP;CHSHWPCB00289D_A9_TOP;5
CH_CPIND01650A;TOP;CHSHWPCB00289D_A9_TOP;2
CH_CPPRO00034A;TOP;CHSHWPCB00289D_A9_TOP;1
CH_CPPRO00144A;TOP;CHSHWPCB00289D_A9_TOP;1
CH_CPRES05759A;TOP;CHSHWPCB00289D_A9_TOP;9
CH_CPRES05763A;TOP;CHSHWPCB00289D_A9_TOP;13
CH_CPRES05766A;TOP;CHSHWPCB00289D_A9_TOP;1
CH_CPRES14255A;TOP;CHSHWPCB00289D_A9_TOP;2
CH_CPRES14483A;TOP;CHSHWPCB00289D_A9_TOP;1
CH_CPRES15218A;TOP;CHSHWPCB00289D_A9_TOP;1
CH_CPRES15393A;TOP;CHSHWPCB00289D_A9_TOP;1
CH_CPRES15549A;TOP;CHSHWPCB00289D_A9_TOP;1
CH_CPRES15768A;TOP;CHSHWPCB00289D_A9_TOP;2
CH_CPRES15996A;TOP;CHSHWPCB00289D_A9_TOP;1
CH_CPRES16035A;TOP;CHSHWPCB00289D_A9_TOP;1
CH_CPRES16037A;TOP;CHSHWPCB00289D_A9_TOP;1
CH_CPRES16046A;TOP;CHSHWPCB00289D_A9_TOP;1
CH_CPRES16130A;TOP;CHSHWPCB00289D_A9_TOP;1
CH_CPRES16140A;TOP;CHSHWPCB00289D_A9_TOP;1
CH_CPRES16180A;TOP;CHSHWPCB00289D_A9_TOP;1
CH_CPRES16296A;TOP;CHSHWPCB00289D_A9_TOP;12
CH_CPRES16308A;TOP;CHSHWPCB00289D_A9_TOP;2
CH_CPRES16404A;TOP;CHSHWPCB00289D_A9_TOP;1
CH_CPTRT00278A;TOP;CHSHWPCB00289D_A9_TOP;1
CH_CPXTA00112A;TOP;CHSHWPCB00289D_A9_TOP;1
CH_CPCAP02201A;BOT;CHSHWPCB00289G_A9_BOT;2
CH_CPCAP02845A;BOT;CHSHWPCB00289G_A9_BOT;5
CH_CPCAP02848A;BOT;CHSHWPCB00289G_A9_BOT;4
CH_CPCAP02854A;BOT;CHSHWPCB00289G_A9_BOT;2
CH_CPCAP03597A;BOT;CHSHWPCB00289G_A9_BOT;6
CH_CPCAP04255A;BOT;CHSHWPCB00289G_A9_BOT;4
CH_CPCAP04512A;BOT;CHSHWPCB00289G_A9_BOT;4
CH_CPCAP10018A;BOT;CHSHWPCB00289G_A9_BOT;10
CH_CPCAP10095A;BOT;CHSHWPCB00289G_A9_BOT;2
CH_CPCAP10445A;BOT;CHSHWPCB00289G_A9_BOT;61
CH_CPCAP10455A;BOT;CHSHWPCB00289G_A9_BOT;9
CH_CPCAP10487A;BOT;CHSHWPCB00289G_A9_BOT;3
CH_CPCAP10549A;BOT;CHSHWPCB00289G_A9_BOT;4
CH_CPCAP10555A;BOT;CHSHWPCB00289G_A9_BOT;3
CH_CPCAP10563A;BOT;CHSHWPCB00289G_A9_BOT;1
CH_CPCAP10853A;BOT;CHSHWPCB00289G_A9_BOT;3
CH_CPCAP10854A;BOT;CHSHWPCB00289G_A9_BOT;2
CH_CPCAP10865A;BOT;CHSHWPCB00289G_A9_BOT;5
CH_CPCAP10869A;BOT;CHSHWPCB00289G_A9_BOT;2
CH_CPFER00017A;BOT;CHSHWPCB00289G_A9_BOT;2
CH_CPFER00027A;BOT;CHSHWPCB00289G_A9_BOT;2
CH_CPFER00040A;BOT;CHSHWPCB00289G_A9_BOT;3
CH_CPFER00546A;BOT;CHSHWPCB00289G_A9_BOT;3
CH_CPFLT00043A;BOT;CHSHWPCB00289G_A9_BOT;2
CH_CPIND00335A;BOT;CHSHWPCB00289G_A9_BOT;2
CH_CPIND00336A;BOT;CHSHWPCB00289G_A9_BOT;2
CH_CPIND00337A;BOT;CHSHWPCB00289G_A9_BOT;2
CH_CPIND00341A;BOT;CHSHWPCB00289G_A9_BOT;2
CH_CPIND00344A;BOT;CHSHWPCB00289G_A9_BOT;8
CH_CPIND00488A;BOT;CHSHWPCB00289G_A9_BOT;2
CH_CPIND00490A;BOT;CHSHWPCB00289G_A9_BOT;4
CH_CPPRO00153A;BOT;CHSHWPCB00289G_A9_BOT;2
CH_CPRES05382A;BOT;CHSHWPCB00289G_A9_BOT;2
CH_CPRES05759A;BOT;CHSHWPCB00289G_A9_BOT;2
CH_CPRES05762A;BOT;CHSHWPCB00289G_A9_BOT;2
CH_CPRES05763A;BOT;CHSHWPCB00289G_A9_BOT;23
CH_CPRES05766A;BOT;CHSHWPCB00289G_A9_BOT;8
CH_CPRES15556A;BOT;CHSHWPCB00289G_A9_BOT;1
CH_CPRES15821A;BOT;CHSHWPCB00289G_A9_BOT;3
CH_CPRES15844A;BOT;CHSHWPCB00289G_A9_BOT;2
CH_CPRES15935A;BOT;CHSHWPCB00289G_A9_BOT;1
CH_CPRES15993A;BOT;CHSHWPCB00289G_A9_BOT;1
CH_CPRES16107A;BOT;CHSHWPCB00289G_A9_BOT;1
CH_CPRES16213A;BOT;CHSHWPCB00289G_A9_BOT;1
CH_CPRES16308A;BOT;CHSHWPCB00289G_A9_BOT;6
CH_CPRES16340A;BOT;CHSHWPCB00289G_A9_BOT;2
CH_CPRES16380A;BOT;CHSHWPCB00289G_A9_BOT;1
CH_CPRES16387A;BOT;CHSHWPCB00289G_A9_BOT;1
CH_CPTRT00262A;BOT;CHSHWPCB00289G_A9_BOT;1
CH_CPTRT00354A;BOT;CHSHWPCB00289G_A9_BOT;1
CH_CPTRT00355A;BOT;CHSHWPCB00289G_A9_BOT;1
CH_CPCAP02201A;TOP;CHSHWPCB00289G_A9_TOP;4
CH_CPCAP02204A;TOP;CHSHWPCB00289G_A9_TOP;1
CH_CPCAP02848A;TOP;CHSHWPCB00289G_A9_TOP;1
CH_CPCAP02854A;TOP;CHSHWPCB00289G_A9_TOP;11
CH_CPCAP03597A;TOP;CHSHWPCB00289G_A9_TOP;2
CH_CPCAP04823A;TOP;CHSHWPCB00289G_A9_TOP;1
CH_CPCAP10009A;TOP;CHSHWPCB00289G_A9_TOP;1
CH_CPCAP10089A;TOP;CHSHWPCB00289G_A9_TOP;2
CH_CPCAP10445A;TOP;CHSHWPCB00289G_A9_TOP;11
CH_CPCAP10477A;TOP;CHSHWPCB00289G_A9_TOP;1
CH_CPCAP10487A;TOP;CHSHWPCB00289G_A9_TOP;3
CH_CPCAP10555A;TOP;CHSHWPCB00289G_A9_TOP;9
CH_CPCAP10563A;TOP;CHSHWPCB00289G_A9_TOP;1
CH_CPCAP10618A;TOP;CHSHWPCB00289G_A9_TOP;1
CH_CPCAP10648A;TOP;CHSHWPCB00289G_A9_TOP;2
CH_CPCAP10674A;TOP;CHSHWPCB00289G_A9_TOP;4
CH_CPCAP10843A;TOP;CHSHWPCB00289G_A9_TOP;2
CH_CPCAP10853A;TOP;CHSHWPCB00289G_A9_TOP;5
CH_CPCAP10857A;TOP;CHSHWPCB00289G_A9_TOP;1
CH_CPCAP10858A;TOP;CHSHWPCB00289G_A9_TOP;2
CH_CPCAP10865A;TOP;CHSHWPCB00289G_A9_TOP;1
CH_CPCAP10869A;TOP;CHSHWPCB00289G_A9_TOP;6
CH_CPCAP10877A;TOP;CHSHWPCB00289G_A9_TOP;2
CH_CPCAP11038A;TOP;CHSHWPCB00289G_A9_TOP;1
CH_CPCAP11040A;TOP;CHSHWPCB00289G_A9_TOP;1
CH_CPCAP11122A;TOP;CHSHWPCB00289G_A9_TOP;1
CH_CPCAP11216A;TOP;CHSHWPCB00289G_A9_TOP;1
CH_CPCAP11218A;TOP;CHSHWPCB00289G_A9_TOP;1
CH_CPCON02296A;TOP;CHSHWPCB00289G_A9_TOP;1
CH_CPCON02324A;TOP;CHSHWPCB00289G_A9_TOP;1
CH_CPCON02392A;TOP;CHSHWPCB00289G_A9_TOP;1
CH_CPDIO00398A;TOP;CHSHWPCB00289G_A9_TOP;1
CH_CPDIO00493A;TOP;CHSHWPCB00289G_A9_TOP;1
CH_CPDIO00637A;TOP;CHSHWPCB00289G_A9_TOP;1
CH_CPFER00542A;TOP;CHSHWPCB00289G_A9_TOP;5
CH_CPFER00546A;TOP;CHSHWPCB00289G_A9_TOP;1
CH_CPICS01995A;TOP;CHSHWPCB00289G_A9_TOP;1
CH_CPICS02158A;TOP;CHSHWPCB00289G_A9_TOP;1
CH_CPICS02547A;TOP;CHSHWPCB00289G_A9_TOP;1
CH_CPICS03372A;TOP;CHSHWPCB00289G_A9_TOP;1
CH_CPICS03401A;TOP;CHSHWPCB00289G_A9_TOP;1
CH_CPICS03419C;TOP;CHSHWPCB00289G_A9_TOP;1
CH_CPICS03523A;TOP;CHSHWPCB00289G_A9_TOP;1
CH_CPICS03533A;TOP;CHSHWPCB00289G_A9_TOP;1
CH_CPICS03635A;TOP;CHSHWPCB00289G_A9_TOP;1
CH_CPIND00342A;TOP;CHSHWPCB00289G_A9_TOP;1
CH_CPIND00577A;TOP;CHSHWPCB00289G_A9_TOP;1
CH_CPIND01241A;TOP;CHSHWPCB00289G_A9_TOP;1
CH_CPIND01262A;TOP;CHSHWPCB00289G_A9_TOP;1
CH_CPIND01491A;TOP;CHSHWPCB00289G_A9_TOP;1
CH_CPIND01506A;TOP;CHSHWPCB00289G_A9_TOP;5
CH_CPIND01650A;TOP;CHSHWPCB00289G_A9_TOP;2
CH_CPPRO00151A;TOP;CHSHWPCB00289G_A9_TOP;2
CH_CPPRO00153A;TOP;CHSHWPCB00289G_A9_TOP;1
CH_CPRES05759A;TOP;CHSHWPCB00289G_A9_TOP;9
CH_CPRES05763A;TOP;CHSHWPCB00289G_A9_TOP;13
CH_CPRES05766A;TOP;CHSHWPCB00289G_A9_TOP;1
CH_CPRES14255A;TOP;CHSHWPCB00289G_A9_TOP;2
CH_CPRES14483A;TOP;CHSHWPCB00289G_A9_TOP;1
CH_CPRES15218A;TOP;CHSHWPCB00289G_A9_TOP;1
CH_CPRES15393A;TOP;CHSHWPCB00289G_A9_TOP;1
CH_CPRES15549A;TOP;CHSHWPCB00289G_A9_TOP;1
CH_CPRES15768A;TOP;CHSHWPCB00289G_A9_TOP;2
CH_CPRES15996A;TOP;CHSHWPCB00289G_A9_TOP;1
CH_CPRES16035A;TOP;CHSHWPCB00289G_A9_TOP;1
CH_CPRES16037A;TOP;CHSHWPCB00289G_A9_TOP;1
CH_CPRES16046A;TOP;CHSHWPCB00289G_A9_TOP;1
CH_CPRES16130A;TOP;CHSHWPCB00289G_A9_TOP;1
CH_CPRES16140A;TOP;CHSHWPCB00289G_A9_TOP;1
CH_CPRES16180A;TOP;CHSHWPCB00289G_A9_TOP;1
CH_CPRES16296A;TOP;CHSHWPCB00289G_A9_TOP;12
CH_CPRES16308A;TOP;CHSHWPCB00289G_A9_TOP;2
CH_CPRES16404A;TOP;CHSHWPCB00289G_A9_TOP;1
CH_CPSHI00110A;TOP;CHSHWPCB00289G_A9_TOP;1
CH_CPTRT00353A;TOP;CHSHWPCB00289G_A9_TOP;1
CH_CPXTA00112A;TOP;CHSHWPCB00289G_A9_TOP;1
CHS00289G_AP;TOP;CHSHWPCB00289G_A9_TOP;1
CLA_074419900;TOP;CHSHWPCB00289G_A9_TOP;1
CH_CPANT00142A;TOP;CHSHWPCB00439A_F1;1
CH_CPCAP02199A;TOP;CHSHWPCB00439A_F1;14
CH_CPCAP02204A;TOP;CHSHWPCB00439A_F1;4
CH_CPCAP02856A;TOP;CHSHWPCB00439A_F1;1
CH_CPCAP02862A;TOP;CHSHWPCB00439A_F1;1
CH_CPCAP03591A;TOP;CHSHWPCB00439A_F1;9
CH_CPCAP03774A;TOP;CHSHWPCB00439A_F1;5
CH_CPCAP04054A;TOP;CHSHWPCB00439A_F1;3
CH_CPCAP04057A;TOP;CHSHWPCB00439A_F1;1
CH_CPCAP04059A;TOP;CHSHWPCB00439A_F1;1
CH_CPCAP04061A;TOP;CHSHWPCB00439A_F1;1
CH_CPCAP04071A;TOP;CHSHWPCB00439A_F1;119
CH_CPCAP04075A;TOP;CHSHWPCB00439A_F1;1
CH_CPCAP04168A;TOP;CHSHWPCB00439A_F1;2
CH_CPCAP04192A;TOP;CHSHWPCB00439A_F1;15
CH_CPCAP04650A;TOP;CHSHWPCB00439A_F1;1
CH_CPCAP04673A;TOP;CHSHWPCB00439A_F1;1
CH_CPCAP04716A;TOP;CHSHWPCB00439A_F1;1
CH_CPCAP04728A;TOP;CHSHWPCB00439A_F1;1
CH_CPCAP04737A;TOP;CHSHWPCB00439A_F1;1
CH_CPCAP10009A;TOP;CHSHWPCB00439A_F1;1
CH_CPCAP10013A;TOP;CHSHWPCB00439A_F1;2
CH_CPCAP10023A;TOP;CHSHWPCB00439A_F1;8
CH_CPCAP10095A;TOP;CHSHWPCB00439A_F1;5
CH_CPCAP10445A;TOP;CHSHWPCB00439A_F1;86
CH_CPCAP10455A;TOP;CHSHWPCB00439A_F1;22
CH_CPCAP10463A;TOP;CHSHWPCB00439A_F1;11
CH_CPCAP10487A;TOP;CHSHWPCB00439A_F1;7
CH_CPCAP10537A;TOP;CHSHWPCB00439A_F1;2
CH_CPCAP10555A;TOP;CHSHWPCB00439A_F1;5
CH_CPCAP10563A;TOP;CHSHWPCB00439A_F1;6
CH_CPCAP10616A;TOP;CHSHWPCB00439A_F1;7
CH_CPCAP10633A;TOP;CHSHWPCB00439A_F1;1
CH_CPCAP10668A;TOP;CHSHWPCB00439A_F1;10
CH_CPCAP10674A;TOP;CHSHWPCB00439A_F1;17
CH_CPCAP10686A;TOP;CHSHWPCB00439A_F1;3
CH_CPCAP10843A;TOP;CHSHWPCB00439A_F1;1
CH_CPCAP10845A;TOP;CHSHWPCB00439A_F1;1
CH_CPCAP10850A;TOP;CHSHWPCB00439A_F1;1
CH_CPCAP10854A;TOP;CHSHWPCB00439A_F1;1
CH_CPCAP10856A;TOP;CHSHWPCB00439A_F1;6
CH_CPCAP10858A;TOP;CHSHWPCB00439A_F1;1
CH_CPCAP10859A;TOP;CHSHWPCB00439A_F1;3
CH_CPCAP10860A;TOP;CHSHWPCB00439A_F1;1
CH_CPCAP10864A;TOP;CHSHWPCB00439A_F1;1
CH_CPCAP10866A;TOP;CHSHWPCB00439A_F1;3
CH_CPCAP11028A;TOP;CHSHWPCB00439A_F1;11
CH_CPCAP11252A;TOP;CHSHWPCB00439A_F1;6
CH_CPCAP12152A;TOP;CHSHWPCB00439A_F1;4
CH_CPCAP12166A;TOP;CHSHWPCB00439A_F1;2
CH_CPCAP12189A;TOP;CHSHWPCB00439A_F1;1
CH_CPCAP12443A;TOP;CHSHWPCB00439A_F1;1
CH_CPCON01591A;TOP;CHSHWPCB00439A_F1;1
CH_CPCON01881A;TOP;CHSHWPCB00439A_F1;1
CH_CPCON01888A;TOP;CHSHWPCB00439A_F1;1
CH_CPCON02233A;TOP;CHSHWPCB00439A_F1;1
CH_CPCON02265A;TOP;CHSHWPCB00439A_F1;1
CH_CPCON02277A;TOP;CHSHWPCB00439A_F1;1
CH_CPDIO00398A;TOP;CHSHWPCB00439A_F1;1
CH_CPDIO00489A;TOP;CHSHWPCB00439A_F1;1
CH_CPDIO00507A;TOP;CHSHWPCB00439A_F1;10
CH_CPDIO00572A;TOP;CHSHWPCB00439A_F1;3
CH_CPDIO00635A;TOP;CHSHWPCB00439A_F1;2
CH_CPFER00017A;TOP;CHSHWPCB00439A_F1;1
CH_CPFER00046A;TOP;CHSHWPCB00439A_F1;4
CH_CPFER00073A;TOP;CHSHWPCB00439A_F1;4
CH_CPFER00084A;TOP;CHSHWPCB00439A_F1;3
CH_CPFER00086A;TOP;CHSHWPCB00439A_F1;2
CH_CPFER00110A;TOP;CHSHWPCB00439A_F1;9
CH_CPFER00111A;TOP;CHSHWPCB00439A_F1;5
CH_CPICS00162A;TOP;CHSHWPCB00439A_F1;1
CH_CPICS03036A;TOP;CHSHWPCB00439A_F1;1
CH_CPICS03188A;TOP;CHSHWPCB00439A_F1;1
CH_CPICS03250A;TOP;CHSHWPCB00439A_F1;1
CH_CPICS03266A;TOP;CHSHWPCB00439A_F1;1
CH_CPICS03287A;TOP;CHSHWPCB00439A_F1;1
CH_CPICS03289A;TOP;CHSHWPCB00439A_F1;2
CH_CPICS03369A;TOP;CHSHWPCB00439A_F1;1
CH_CPICS03373A;TOP;CHSHWPCB00439A_F1;1
CH_CPICS03374A;TOP;CHSHWPCB00439A_F1;1
CH_CPICS03681A;TOP;CHSHWPCB00439A_F1;1
CH_CPICS03736A;TOP;CHSHWPCB00439A_F1;1
CH_CPIND00321A;TOP;CHSHWPCB00439A_F1;1
CH_CPIND00337A;TOP;CHSHWPCB00439A_F1;1
CH_CPIND00345A;TOP;CHSHWPCB00439A_F1;1
CH_CPIND00347A;TOP;CHSHWPCB00439A_F1;1
CH_CPIND01097A;TOP;CHSHWPCB00439A_F1;1
CH_CPIND01262A;TOP;CHSHWPCB00439A_F1;4
CH_CPIND01272A;TOP;CHSHWPCB00439A_F1;2
CH_CPIND01273A;TOP;CHSHWPCB00439A_F1;1
CH_CPIND01274A;TOP;CHSHWPCB00439A_F1;1
CH_CPIND01287A;TOP;CHSHWPCB00439A_F1;2
CH_CPIND01473A;TOP;CHSHWPCB00439A_F1;1
CH_CPIND01501A;TOP;CHSHWPCB00439A_F1;1
CH_CPIND01520A;TOP;CHSHWPCB00439A_F1;2
CH_CPIND01521A;TOP;CHSHWPCB00439A_F1;1
CH_CPIND01522A;TOP;CHSHWPCB00439A_F1;1
CH_CPIND01648A;TOP;CHSHWPCB00439A_F1;1
CH_CPIND01847A;TOP;CHSHWPCB00439A_F1;1
CH_CPIND01958A;TOP;CHSHWPCB00439A_F1;1
CH_CPPRO00153A;TOP;CHSHWPCB00439A_F1;3
CH_CPRES05750A;TOP;CHSHWPCB00439A_F1;1
CH_CPRES05752A;TOP;CHSHWPCB00439A_F1;1
CH_CPRES05759A;TOP;CHSHWPCB00439A_F1;36
CH_CPRES05760A;TOP;CHSHWPCB00439A_F1;7
CH_CPRES05779A;TOP;CHSHWPCB00439A_F1;1
CH_CPRES05825A;TOP;CHSHWPCB00439A_F1;1
CH_CPRES12952A;TOP;CHSHWPCB00439A_F1;1
CH_CPRES13011A;TOP;CHSHWPCB00439A_F1;2
CH_CPRES14559A;TOP;CHSHWPCB00439A_F1;1
CH_CPRES14829A;TOP;CHSHWPCB00439A_F1;2
CH_CPRES15551A;TOP;CHSHWPCB00439A_F1;1
CH_CPRES15651A;TOP;CHSHWPCB00439A_F1;1
CH_CPRES15689A;TOP;CHSHWPCB00439A_F1;1
CH_CPRES15725A;TOP;CHSHWPCB00439A_F1;20
CH_CPRES15803A;TOP;CHSHWPCB00439A_F1;19
CH_CPRES15811A;TOP;CHSHWPCB00439A_F1;1
CH_CPRES15835A;TOP;CHSHWPCB00439A_F1;4
CH_CPRES15844A;TOP;CHSHWPCB00439A_F1;3
CH_CPRES15888A;TOP;CHSHWPCB00439A_F1;1
CH_CPRES15917A;TOP;CHSHWPCB00439A_F1;9
CH_CPRES15935A;TOP;CHSHWPCB00439A_F1;1
CH_CPRES15946A;TOP;CHSHWPCB00439A_F1;1
CH_CPRES15949A;TOP;CHSHWPCB00439A_F1;1
CH_CPRES15953A;TOP;CHSHWPCB00439A_F1;1
CH_CPRES15993A;TOP;CHSHWPCB00439A_F1;22
CH_CPRES16002A;TOP;CHSHWPCB00439A_F1;3
CH_CPRES16017A;TOP;CHSHWPCB00439A_F1;1
CH_CPRES16021A;TOP;CHSHWPCB00439A_F1;1
CH_CPRES16031A;TOP;CHSHWPCB00439A_F1;53
CH_CPRES16063A;TOP;CHSHWPCB00439A_F1;2
CH_CPRES16070A;TOP;CHSHWPCB00439A_F1;1
CH_CPRES16074A;TOP;CHSHWPCB00439A_F1;1
CH_CPRES16078A;TOP;CHSHWPCB00439A_F1;1
CH_CPRES16088A;TOP;CHSHWPCB00439A_F1;5
CH_CPRES16157A;TOP;CHSHWPCB00439A_F1;1
CH_CPRES16163A;TOP;CHSHWPCB00439A_F1;1
CH_CPRES16211A;TOP;CHSHWPCB00439A_F1;1
CH_CPRES16245A;TOP;CHSHWPCB00439A_F1;1
CH_CPRES16367A;TOP;CHSHWPCB00439A_F1;2
CH_CPRES16372A;TOP;CHSHWPCB00439A_F1;5
CH_CPRES16409A;TOP;CHSHWPCB00439A_F1;12
CH_CPRES16535A;TOP;CHSHWPCB00439A_F1;1
CH_CPTRT00133A;TOP;CHSHWPCB00439A_F1;1
CH_CPTRT00262A;TOP;CHSHWPCB00439A_F1;5
CH_CPTRT00263A;TOP;CHSHWPCB00439A_F1;2
CH_CPTRT00338A;TOP;CHSHWPCB00439A_F1;2
CH_CPXOS00125A;TOP;CHSHWPCB00439A_F1;1
CH_CPXTA00122A;TOP;CHSHWPCB00439A_F1;1
CH_CPXTA00131A;TOP;CHSHWPCB00439A_F1;1
EDE000N00;TOP;CHSHWPCB00439A_F1;1
CH_CPCAP03591A;TOP;CHSHWPCB00439A_F2;5
CH_CPCAP03774A;TOP;CHSHWPCB00439A_F2;3
CH_CPCAP04061A;TOP;CHSHWPCB00439A_F2;2
CH_CPCAP10009A;TOP;CHSHWPCB00439A_F2;2
CH_CPCAP10014A;TOP;CHSHWPCB00439A_F2;4
CH_CPCAP10023A;TOP;CHSHWPCB00439A_F2;13
CH_CPCAP10445A;TOP;CHSHWPCB00439A_F2;22
CH_CPCAP10447A;TOP;CHSHWPCB00439A_F2;4
CH_CPCAP10455A;TOP;CHSHWPCB00439A_F2;25
CH_CPCAP10463A;TOP;CHSHWPCB00439A_F2;4
CH_CPCAP10472A;TOP;CHSHWPCB00439A_F2;8
CH_CPCAP10487A;TOP;CHSHWPCB00439A_F2;21
CH_CPCAP10555A;TOP;CHSHWPCB00439A_F2;6
CH_CPCAP10563A;TOP;CHSHWPCB00439A_F2;2
CH_CPCAP10633A;TOP;CHSHWPCB00439A_F2;4
CH_CPCAP10849A;TOP;CHSHWPCB00439A_F2;1
CH_CPCAP10850A;TOP;CHSHWPCB00439A_F2;2
CH_CPCAP10856A;TOP;CHSHWPCB00439A_F2;4
CH_CPCAP10866A;TOP;CHSHWPCB00439A_F2;2
CH_CPCAP10869A;TOP;CHSHWPCB00439A_F2;2
CH_CPCAP11028A;TOP;CHSHWPCB00439A_F2;5
CH_CPCAP12152A;TOP;CHSHWPCB00439A_F2;4
CH_CPCAP12156A;TOP;CHSHWPCB00439A_F2;5
CH_CPCAP12166A;TOP;CHSHWPCB00439A_F2;1
CH_CPCAP12214A;TOP;CHSHWPCB00439A_F2;2
CH_CPCAP12222A;TOP;CHSHWPCB00439A_F2;2
CH_CPCAP12594A;TOP;CHSHWPCB00439A_F2;4
CH_CPCON02252A;TOP;CHSHWPCB00439A_F2;1
CH_CPCON02364A;TOP;CHSHWPCB00439A_F2;1
CH_CPDIO00098A;TOP;CHSHWPCB00439A_F2;2
CH_CPDIO00398A;TOP;CHSHWPCB00439A_F2;1
CH_CPDIO00506A;TOP;CHSHWPCB00439A_F2;1
CH_CPDIO00507A;TOP;CHSHWPCB00439A_F2;4
CH_CPDIO00639A;TOP;CHSHWPCB00439A_F2;2
CH_CPFER00017A;TOP;CHSHWPCB00439A_F2;2
CH_CPFER00046A;TOP;CHSHWPCB00439A_F2;7
CH_CPFER00073A;TOP;CHSHWPCB00439A_F2;2
CH_CPFER00579A;TOP;CHSHWPCB00439A_F2;1
CH_CPICS01060A;TOP;CHSHWPCB00439A_F2;1
CH_CPICS02792A;TOP;CHSHWPCB00439A_F2;1
CH_CPICS02990A;TOP;CHSHWPCB00439A_F2;1
CH_CPICS03037A;TOP;CHSHWPCB00439A_F2;1
CH_CPICS03038A;TOP;CHSHWPCB00439A_F2;1
CH_CPICS03143A;TOP;CHSHWPCB00439A_F2;1
CH_CPICS03260A;TOP;CHSHWPCB00439A_F2;1
CH_CPICS03280A;TOP;CHSHWPCB00439A_F2;1
CH_CPICS03299A;TOP;CHSHWPCB00439A_F2;1
CH_CPICS03301A;TOP;CHSHWPCB00439A_F2;1
CH_CPICS03452A;TOP;CHSHWPCB00439A_F2;1
CH_CPICS03730A;TOP;CHSHWPCB00439A_F2;1
CH_CPICS03741A;TOP;CHSHWPCB00439A_F2;1
CH_CPIND00263A;TOP;CHSHWPCB00439A_F2;1
CH_CPIND01498A;TOP;CHSHWPCB00439A_F2;3
CH_CPIND01524A;TOP;CHSHWPCB00439A_F2;1
CH_CPIND01600A;TOP;CHSHWPCB00439A_F2;8
CH_CPIND01731A;TOP;CHSHWPCB00439A_F2;1
CH_CPIND01827A;TOP;CHSHWPCB00439A_F2;1
CH_CPPRO00110A;TOP;CHSHWPCB00439A_F2;2
CH_CPPRO00153A;TOP;CHSHWPCB00439A_F2;4
CH_CPRES05436A;TOP;CHSHWPCB00439A_F2;2
CH_CPRES05752A;TOP;CHSHWPCB00439A_F2;1
CH_CPRES05759A;TOP;CHSHWPCB00439A_F2;51
CH_CPRES05760A;TOP;CHSHWPCB00439A_F2;8
CH_CPRES05767A;TOP;CHSHWPCB00439A_F2;2
CH_CPRES05768A;TOP;CHSHWPCB00439A_F2;1
CH_CPRES05774A;TOP;CHSHWPCB00439A_F2;1
CH_CPRES05782A;TOP;CHSHWPCB00439A_F2;3
CH_CPRES14743A;TOP;CHSHWPCB00439A_F2;1
CH_CPRES15632A;TOP;CHSHWPCB00439A_F2;8
CH_CPRES15689A;TOP;CHSHWPCB00439A_F2;8
CH_CPRES15803A;TOP;CHSHWPCB00439A_F2;2
CH_CPRES15835A;TOP;CHSHWPCB00439A_F2;1
CH_CPRES15844A;TOP;CHSHWPCB00439A_F2;1
CH_CPRES15888A;TOP;CHSHWPCB00439A_F2;4
CH_CPRES15907A;TOP;CHSHWPCB00439A_F2;2
CH_CPRES15917A;TOP;CHSHWPCB00439A_F2;4
CH_CPRES15949A;TOP;CHSHWPCB00439A_F2;2
CH_CPRES15953A;TOP;CHSHWPCB00439A_F2;2
CH_CPRES15964A;TOP;CHSHWPCB00439A_F2;2
CH_CPRES15979A;TOP;CHSHWPCB00439A_F2;6
CH_CPRES15993A;TOP;CHSHWPCB00439A_F2;22
CH_CPRES15997A;TOP;CHSHWPCB00439A_F2;5
CH_CPRES16002A;TOP;CHSHWPCB00439A_F2;1
CH_CPRES16008A;TOP;CHSHWPCB00439A_F2;1
CH_CPRES16013A;TOP;CHSHWPCB00439A_F2;1
CH_CPRES16017A;TOP;CHSHWPCB00439A_F2;1
CH_CPRES16031A;TOP;CHSHWPCB00439A_F2;42
CH_CPRES16049A;TOP;CHSHWPCB00439A_F2;1
CH_CPRES16063A;TOP;CHSHWPCB00439A_F2;2
CH_CPRES16087A;TOP;CHSHWPCB00439A_F2;1
CH_CPRES16088A;TOP;CHSHWPCB00439A_F2;6
CH_CPRES16225A;TOP;CHSHWPCB00439A_F2;1
CH_CPRES16372A;TOP;CHSHWPCB00439A_F2;3
CH_CPRES16409A;TOP;CHSHWPCB00439A_F2;5
CH_CPRES16442A;TOP;CHSHWPCB00439A_F2;3
CH_CPRES16535A;TOP;CHSHWPCB00439A_F2;2
CH_CPTRT00262A;TOP;CHSHWPCB00439A_F2;3
CH_CPTRT00263A;TOP;CHSHWPCB00439A_F2;1
CH_CPTRT00271A;TOP;CHSHWPCB00439A_F2;1
CH_CPXTA00125A;TOP;CHSHWPCB00439A_F2;1
ICS5NDQVU-AA;TOP;CHSHWPCB00439A_F2;1
CH_CPANT00142A;TOP;HWPCB00438A_F1_TEST;1
CH_CPCAP02199A;TOP;HWPCB00438A_F1_TEST;14
CH_CPCAP02204A;TOP;HWPCB00438A_F1_TEST;4
CH_CPCAP02856A;TOP;HWPCB00438A_F1_TEST;1
CH_CPCAP02862A;TOP;HWPCB00438A_F1_TEST;1
CH_CPCAP03591A;TOP;HWPCB00438A_F1_TEST;9
CH_CPCAP03774A;TOP;HWPCB00438A_F1_TEST;5
CH_CPCAP04054A;TOP;HWPCB00438A_F1_TEST;3
CH_CPCAP04057A;TOP;HWPCB00438A_F1_TEST;1
CH_CPCAP04059A;TOP;HWPCB00438A_F1_TEST;1
CH_CPCAP04061A;TOP;HWPCB00438A_F1_TEST;1
CH_CPCAP04071A;TOP;HWPCB00438A_F1_TEST;119
CH_CPCAP04075A;TOP;HWPCB00438A_F1_TEST;1
CH_CPCAP04168A;TOP;HWPCB00438A_F1_TEST;2
CH_CPCAP04192A;TOP;HWPCB00438A_F1_TEST;15
CH_CPCAP04650A;TOP;HWPCB00438A_F1_TEST;1
CH_CPCAP04673A;TOP;HWPCB00438A_F1_TEST;1
CH_CPCAP04716A;TOP;HWPCB00438A_F1_TEST;1
CH_CPCAP04728A;TOP;HWPCB00438A_F1_TEST;1
CH_CPCAP04737A;TOP;HWPCB00438A_F1_TEST;1
CH_CPCAP10009A;TOP;HWPCB00438A_F1_TEST;1
CH_CPCAP10013A;TOP;HWPCB00438A_F1_TEST;2
CH_CPCAP10023A;TOP;HWPCB00438A_F1_TEST;8
CH_CPCAP10095A;TOP;HWPCB00438A_F1_TEST;5
CH_CPCAP10445A;TOP;HWPCB00438A_F1_TEST;86
CH_CPCAP10455A;TOP;HWPCB00438A_F1_TEST;22
CH_CPCAP10463A;TOP;HWPCB00438A_F1_TEST;11
CH_CPCAP10487A;TOP;HWPCB00438A_F1_TEST;7
CH_CPCAP10537A;TOP;HWPCB00438A_F1_TEST;2
CH_CPCAP10555A;TOP;HWPCB00438A_F1_TEST;5
CH_CPCAP10563A;TOP;HWPCB00438A_F1_TEST;6
CH_CPCAP10616A;TOP;HWPCB00438A_F1_TEST;7
CH_CPCAP10633A;TOP;HWPCB00438A_F1_TEST;1
CH_CPCAP10668A;TOP;HWPCB00438A_F1_TEST;10
CH_CPCAP10674A;TOP;HWPCB00438A_F1_TEST;17
CH_CPCAP10686A;TOP;HWPCB00438A_F1_TEST;3
CH_CPCAP10843A;TOP;HWPCB00438A_F1_TEST;1
CH_CPCAP10845A;TOP;HWPCB00438A_F1_TEST;1
CH_CPCAP10850A;TOP;HWPCB00438A_F1_TEST;1
CH_CPCAP10854A;TOP;HWPCB00438A_F1_TEST;1
CH_CPCAP10856A;TOP;HWPCB00438A_F1_TEST;6
CH_CPCAP10858A;TOP;HWPCB00438A_F1_TEST;1
CH_CPCAP10859A;TOP;HWPCB00438A_F1_TEST;3
CH_CPCAP10860A;TOP;HWPCB00438A_F1_TEST;1
CH_CPCAP10864A;TOP;HWPCB00438A_F1_TEST;1
CH_CPCAP10866A;TOP;HWPCB00438A_F1_TEST;3
CH_CPCAP11028A;TOP;HWPCB00438A_F1_TEST;11
CH_CPCAP11252A;TOP;HWPCB00438A_F1_TEST;6
CH_CPCAP12152A;TOP;HWPCB00438A_F1_TEST;4
CH_CPCAP12166A;TOP;HWPCB00438A_F1_TEST;2
CH_CPCAP12189A;TOP;HWPCB00438A_F1_TEST;1
CH_CPCAP12443A;TOP;HWPCB00438A_F1_TEST;1
CH_CPCON01591A;TOP;HWPCB00438A_F1_TEST;1
CH_CPCON01881A;TOP;HWPCB00438A_F1_TEST;1
CH_CPCON01888A;TOP;HWPCB00438A_F1_TEST;1
CH_CPCON02233A;TOP;HWPCB00438A_F1_TEST;1
CH_CPCON02277A;TOP;HWPCB00438A_F1_TEST;1
CH_CPDIO00398A;TOP;HWPCB00438A_F1_TEST;1
CH_CPDIO00489A;TOP;HWPCB00438A_F1_TEST;1
CH_CPDIO00507A;TOP;HWPCB00438A_F1_TEST;10
CH_CPDIO00572A;TOP;HWPCB00438A_F1_TEST;3
CH_CPDIO00635A;TOP;HWPCB00438A_F1_TEST;2
CH_CPFER00017A;TOP;HWPCB00438A_F1_TEST;1
CH_CPFER00046A;TOP;HWPCB00438A_F1_TEST;4
CH_CPFER00073A;TOP;HWPCB00438A_F1_TEST;4
CH_CPFER00084A;TOP;HWPCB00438A_F1_TEST;3
CH_CPFER00086A;TOP;HWPCB00438A_F1_TEST;2
CH_CPFER00110A;TOP;HWPCB00438A_F1_TEST;9
CH_CPFER00111A;TOP;HWPCB00438A_F1_TEST;5
CH_CPICS00162A;TOP;HWPCB00438A_F1_TEST;1
CH_CPICS03036A;TOP;HWPCB00438A_F1_TEST;1
CH_CPICS03188A;TOP;HWPCB00438A_F1_TEST;1
CH_CPICS03250A;TOP;HWPCB00438A_F1_TEST;1
CH_CPICS03266A;TOP;HWPCB00438A_F1_TEST;1
CH_CPICS03287A;TOP;HWPCB00438A_F1_TEST;1
CH_CPICS03289A;TOP;HWPCB00438A_F1_TEST;2
CH_CPICS03369A;TOP;HWPCB00438A_F1_TEST;1
CH_CPICS03373A;TOP;HWPCB00438A_F1_TEST;1
CH_CPICS03374A;TOP;HWPCB00438A_F1_TEST;1
CH_CPICS03681A;TOP;HWPCB00438A_F1_TEST;1
CH_CPICS03736A;TOP;HWPCB00438A_F1_TEST;1
CH_CPIND00321A;TOP;HWPCB00438A_F1_TEST;1
CH_CPIND00337A;TOP;HWPCB00438A_F1_TEST;1
CH_CPIND00345A;TOP;HWPCB00438A_F1_TEST;1
CH_CPIND00347A;TOP;HWPCB00438A_F1_TEST;1
CH_CPIND01097A;TOP;HWPCB00438A_F1_TEST;1
CH_CPIND01262A;TOP;HWPCB00438A_F1_TEST;4
CH_CPIND01272A;TOP;HWPCB00438A_F1_TEST;2
CH_CPIND01273A;TOP;HWPCB00438A_F1_TEST;1
CH_CPIND01274A;TOP;HWPCB00438A_F1_TEST;1
CH_CPIND01287A;TOP;HWPCB00438A_F1_TEST;2
CH_CPIND01473A;TOP;HWPCB00438A_F1_TEST;1
CH_CPIND01501A;TOP;HWPCB00438A_F1_TEST;1
CH_CPIND01520A;TOP;HWPCB00438A_F1_TEST;2
CH_CPIND01521A;TOP;HWPCB00438A_F1_TEST;1
CH_CPIND01522A;TOP;HWPCB00438A_F1_TEST;1
CH_CPIND01648A;TOP;HWPCB00438A_F1_TEST;1
CH_CPIND01847A;TOP;HWPCB00438A_F1_TEST;1
CH_CPIND01958A;TOP;HWPCB00438A_F1_TEST;1
CH_CPPRO00153A;TOP;HWPCB00438A_F1_TEST;3
CH_CPRES05750A;TOP;HWPCB00438A_F1_TEST;1
CH_CPRES05752A;TOP;HWPCB00438A_F1_TEST;1
CH_CPRES05759A;TOP;HWPCB00438A_F1_TEST;36
CH_CPRES05760A;TOP;HWPCB00438A_F1_TEST;7
CH_CPRES05779A;TOP;HWPCB00438A_F1_TEST;1
CH_CPRES05825A;TOP;HWPCB00438A_F1_TEST;1
CH_CPRES12952A;TOP;HWPCB00438A_F1_TEST;1
CH_CPRES13011A;TOP;HWPCB00438A_F1_TEST;2
CH_CPRES14559A;TOP;HWPCB00438A_F1_TEST;1
CH_CPRES14829A;TOP;HWPCB00438A_F1_TEST;2
CH_CPRES15551A;TOP;HWPCB00438A_F1_TEST;1
CH_CPRES15651A;TOP;HWPCB00438A_F1_TEST;1
CH_CPRES15689A;TOP;HWPCB00438A_F1_TEST;1
CH_CPRES15725A;TOP;HWPCB00438A_F1_TEST;20
CH_CPRES15803A;TOP;HWPCB00438A_F1_TEST;19
CH_CPRES15811A;TOP;HWPCB00438A_F1_TEST;1
CH_CPRES15835A;TOP;HWPCB00438A_F1_TEST;4
CH_CPRES15844A;TOP;HWPCB00438A_F1_TEST;3
CH_CPRES15888A;TOP;HWPCB00438A_F1_TEST;1
CH_CPRES15917A;TOP;HWPCB00438A_F1_TEST;9
CH_CPRES15935A;TOP;HWPCB00438A_F1_TEST;1
CH_CPRES15946A;TOP;HWPCB00438A_F1_TEST;1
CH_CPRES15949A;TOP;HWPCB00438A_F1_TEST;1
CH_CPRES15953A;TOP;HWPCB00438A_F1_TEST;1
CH_CPRES15964A;TOP;HWPCB00438A_F1_TEST;2
CH_CPRES15993A;TOP;HWPCB00438A_F1_TEST;20
CH_CPRES16002A;TOP;HWPCB00438A_F1_TEST;3
CH_CPRES16017A;TOP;HWPCB00438A_F1_TEST;1
CH_CPRES16021A;TOP;HWPCB00438A_F1_TEST;1
CH_CPRES16031A;TOP;HWPCB00438A_F1_TEST;53
CH_CPRES16063A;TOP;HWPCB00438A_F1_TEST;2
CH_CPRES16070A;TOP;HWPCB00438A_F1_TEST;1
CH_CPRES16074A;TOP;HWPCB00438A_F1_TEST;1
CH_CPRES16078A;TOP;HWPCB00438A_F1_TEST;1
CH_CPRES16088A;TOP;HWPCB00438A_F1_TEST;5
CH_CPRES16157A;TOP;HWPCB00438A_F1_TEST;1
CH_CPRES16163A;TOP;HWPCB00438A_F1_TEST;1
CH_CPRES16211A;TOP;HWPCB00438A_F1_TEST;1
CH_CPRES16245A;TOP;HWPCB00438A_F1_TEST;1
CH_CPRES16367A;TOP;HWPCB00438A_F1_TEST;2
CH_CPRES16372A;TOP;HWPCB00438A_F1_TEST;5
CH_CPRES16409A;TOP;HWPCB00438A_F1_TEST;12
CH_CPRES16535A;TOP;HWPCB00438A_F1_TEST;1
CH_CPTRT00133A;TOP;HWPCB00438A_F1_TEST;1
CH_CPTRT00262A;TOP;HWPCB00438A_F1_TEST;5
CH_CPTRT00263A;TOP;HWPCB00438A_F1_TEST;2
CH_CPTRT00338A;TOP;HWPCB00438A_F1_TEST;2
CH_CPXOS00125A;TOP;HWPCB00438A_F1_TEST;1
CH_CPXTA00122A;TOP;HWPCB00438A_F1_TEST;1
CH_CPXTA00131A;TOP;HWPCB00438A_F1_TEST;1
EDE000N00;TOP;HWPCB00438A_F1_TEST;1
CH_CPCAP03591A;TOP;HWPCB00438A_F2_TEST;5
CH_CPCAP03774A;TOP;HWPCB00438A_F2_TEST;2
CH_CPCAP04061A;TOP;HWPCB00438A_F2_TEST;2
CH_CPCAP10009A;TOP;HWPCB00438A_F2_TEST;2
CH_CPCAP10014A;TOP;HWPCB00438A_F2_TEST;4
CH_CPCAP10023A;TOP;HWPCB00438A_F2_TEST;13
CH_CPCAP10445A;TOP;HWPCB00438A_F2_TEST;21
CH_CPCAP10447A;TOP;HWPCB00438A_F2_TEST;4
CH_CPCAP10455A;TOP;HWPCB00438A_F2_TEST;25
CH_CPCAP10463A;TOP;HWPCB00438A_F2_TEST;4
CH_CPCAP10472A;TOP;HWPCB00438A_F2_TEST;8
CH_CPCAP10487A;TOP;HWPCB00438A_F2_TEST;21
CH_CPCAP10555A;TOP;HWPCB00438A_F2_TEST;6
CH_CPCAP10563A;TOP;HWPCB00438A_F2_TEST;2
CH_CPCAP10633A;TOP;HWPCB00438A_F2_TEST;4
CH_CPCAP10849A;TOP;HWPCB00438A_F2_TEST;1
CH_CPCAP10850A;TOP;HWPCB00438A_F2_TEST;2
CH_CPCAP10856A;TOP;HWPCB00438A_F2_TEST;4
CH_CPCAP10866A;TOP;HWPCB00438A_F2_TEST;2
CH_CPCAP10869A;TOP;HWPCB00438A_F2_TEST;2
CH_CPCAP11028A;TOP;HWPCB00438A_F2_TEST;5
CH_CPCAP12152A;TOP;HWPCB00438A_F2_TEST;4
CH_CPCAP12156A;TOP;HWPCB00438A_F2_TEST;5
CH_CPCAP12166A;TOP;HWPCB00438A_F2_TEST;1
CH_CPCAP12214A;TOP;HWPCB00438A_F2_TEST;2
CH_CPCAP12222A;TOP;HWPCB00438A_F2_TEST;2
CH_CPCAP12594A;TOP;HWPCB00438A_F2_TEST;4
CH_CPCON02252A;TOP;HWPCB00438A_F2_TEST;1
CH_CPCON02364A;TOP;HWPCB00438A_F2_TEST;1
CH_CPDIO00098A;TOP;HWPCB00438A_F2_TEST;2
CH_CPDIO00398A;TOP;HWPCB00438A_F2_TEST;1
CH_CPDIO00506A;TOP;HWPCB00438A_F2_TEST;1
CH_CPDIO00507A;TOP;HWPCB00438A_F2_TEST;4
CH_CPDIO00639A;TOP;HWPCB00438A_F2_TEST;2
CH_CPFER00017A;TOP;HWPCB00438A_F2_TEST;2
CH_CPFER00046A;TOP;HWPCB00438A_F2_TEST;7
CH_CPFER00073A;TOP;HWPCB00438A_F2_TEST;2
CH_CPFER00579A;TOP;HWPCB00438A_F2_TEST;1
CH_CPICS02792A;TOP;HWPCB00438A_F2_TEST;1
CH_CPICS02990A;TOP;HWPCB00438A_F2_TEST;1
CH_CPICS03037A;TOP;HWPCB00438A_F2_TEST;1
CH_CPICS03038A;TOP;HWPCB00438A_F2_TEST;1
CH_CPICS03143A;TOP;HWPCB00438A_F2_TEST;1
CH_CPICS03253A;TOP;HWPCB00438A_F2_TEST;1
CH_CPICS03260A;TOP;HWPCB00438A_F2_TEST;1
CH_CPICS03280A;TOP;HWPCB00438A_F2_TEST;1
CH_CPICS03299A;TOP;HWPCB00438A_F2_TEST;1
CH_CPICS03301A;TOP;HWPCB00438A_F2_TEST;1
CH_CPICS03418A;TOP;HWPCB00438A_F2_TEST;1
CH_CPICS03703A;TOP;HWPCB00438A_F2_TEST;1
CH_CPICS03730A;TOP;HWPCB00438A_F2_TEST;1
CH_CPIND00263A;TOP;HWPCB00438A_F2_TEST;1
CH_CPIND01498A;TOP;HWPCB00438A_F2_TEST;2
CH_CPIND01524A;TOP;HWPCB00438A_F2_TEST;1
CH_CPIND01600A;TOP;HWPCB00438A_F2_TEST;8
CH_CPIND01731A;TOP;HWPCB00438A_F2_TEST;1
CH_CPIND01827A;TOP;HWPCB00438A_F2_TEST;1
CH_CPPRO00110A;TOP;HWPCB00438A_F2_TEST;1
CH_CPPRO00153A;TOP;HWPCB00438A_F2_TEST;4
CH_CPRES05436A;TOP;HWPCB00438A_F2_TEST;2
CH_CPRES05752A;TOP;HWPCB00438A_F2_TEST;1
CH_CPRES05759A;TOP;HWPCB00438A_F2_TEST;51
CH_CPRES05760A;TOP;HWPCB00438A_F2_TEST;8
CH_CPRES05767A;TOP;HWPCB00438A_F2_TEST;2
CH_CPRES05768A;TOP;HWPCB00438A_F2_TEST;1
CH_CPRES05774A;TOP;HWPCB00438A_F2_TEST;1
CH_CPRES05782A;TOP;HWPCB00438A_F2_TEST;3
CH_CPRES14743A;TOP;HWPCB00438A_F2_TEST;1
CH_CPRES15632A;TOP;HWPCB00438A_F2_TEST;8
CH_CPRES15689A;TOP;HWPCB00438A_F2_TEST;8
CH_CPRES15803A;TOP;HWPCB00438A_F2_TEST;2
CH_CPRES15835A;TOP;HWPCB00438A_F2_TEST;1
CH_CPRES15844A;TOP;HWPCB00438A_F2_TEST;1
CH_CPRES15888A;TOP;HWPCB00438A_F2_TEST;4
CH_CPRES15907A;TOP;HWPCB00438A_F2_TEST;2
CH_CPRES15917A;TOP;HWPCB00438A_F2_TEST;4
CH_CPRES15949A;TOP;HWPCB00438A_F2_TEST;2
CH_CPRES15953A;TOP;HWPCB00438A_F2_TEST;2
CH_CPRES15964A;TOP;HWPCB00438A_F2_TEST;2
CH_CPRES15979A;TOP;HWPCB00438A_F2_TEST;6
CH_CPRES15993A;TOP;HWPCB00438A_F2_TEST;22
CH_CPRES15997A;TOP;HWPCB00438A_F2_TEST;5
CH_CPRES16002A;TOP;HWPCB00438A_F2_TEST;1
CH_CPRES16008A;TOP;HWPCB00438A_F2_TEST;1
CH_CPRES16013A;TOP;HWPCB00438A_F2_TEST;1
CH_CPRES16017A;TOP;HWPCB00438A_F2_TEST;1
CH_CPRES16031A;TOP;HWPCB00438A_F2_TEST;40
CH_CPRES16049A;TOP;HWPCB00438A_F2_TEST;1
CH_CPRES16063A;TOP;HWPCB00438A_F2_TEST;2
CH_CPRES16087A;TOP;HWPCB00438A_F2_TEST;1
CH_CPRES16088A;TOP;HWPCB00438A_F2_TEST;6
CH_CPRES16225A;TOP;HWPCB00438A_F2_TEST;1
CH_CPRES16372A;TOP;HWPCB00438A_F2_TEST;3
CH_CPRES16409A;TOP;HWPCB00438A_F2_TEST;5
CH_CPRES16442A;TOP;HWPCB00438A_F2_TEST;3
CH_CPRES16535A;TOP;HWPCB00438A_F2_TEST;2
CH_CPTRT00262A;TOP;HWPCB00438A_F2_TEST;3
CH_CPTRT00263A;TOP;HWPCB00438A_F2_TEST;1
CH_CPTRT00359A;TOP;HWPCB00438A_F2_TEST;1
CH_CPXTA00125A;TOP;HWPCB00438A_F2_TEST;1
